review_id,text,annotator1_label,annotator2_label,notes
R0068,I stop by here frequently when I am on my way to work for breakfast. The drive thru is fast but they do tend to get the order wrong. But I will say that I have had more free meals here due to them comping me for all messed up orders. \n\nThe staff is friendly.,,,
R0035,"I've gotten use to this safeway after living down the street for a year but it certainly is different than others I've shopped at. \n\nSize wise it's tiny. There are only 5 or 6 registers and there's always a line, no matter what time of day. The later at night you go the sketchy the customers get. I went in for a late night ice cream run once and thought I had entered the Twilight zone.\n\nThe one thing stopping me from giving it two stars are the employees. They're always friendly and willing to help. I can always start up a conversation when checking out.",,,
R0113,"I drove by yesterday to get a sneak peak. It re-opens on July 14th and I can't wait to take my kids. The new range looks amazing. The entire range appears to be turf, which may or many not help your game, but it looks really nice. The tee boxes look state of the art and the club house looks like something you'll see on a newer course. Can't wait to experience it!",,,
R0038,"This is great place to have a healthy meal for a decent price. Salad fixins are all super fresh, and there are so many to choose from. The soups that I tried, the chicken noodle and creamy tomato, were as good as any homemade soup I've had. This really is more like 3.5 stars for me, but I give it the bump for the soft-serve ice cream machine -- not to mention the warm snicker-doodle cookies they brought to our table.",,,
R0148,"SoHo clearly relies on the Pirates crowd across the street, and Steelers and Pitt games. When there's a game, the place is packed. Other times, it doesn't seem so busy. The food has been OK. It's generally bar food, with an effort to be more. Execution is varied. \n\nTry the seasoned tuna sandwich with a side of parmesan risotto; just tell them how you want the tuna cooked because they don't seem to know and will overcook it.",,,
R0014,"Just a heads up, this rating is only for cravings past 2am, usually when drunk and/or completely starved, this place is a hole while the sunlight is up. Now having said that, 2 tacos for 99 cents and super scrumptious milkshakes, not sure what else you could ask for!!",,,
R0021,This review is solely about volunteering here. They do not return phone calls or emails. They treat people that want to volunteer their time horribly! On facebook former volunteers/vanguards are always complaining. Sojourner Center should start treating better those willing to work for free! This is a disgrace. The horror stories that i heard and my personal experience of not even treated as a person that should have emails returned is just unbelievable. Want to volunteer? Look elsewhere.,,,
R0190,"Arrived at 7:15 on a Saturday night, there was a 20 minute wait although although empty tables were visible. Got seated at 7:30, put order in shortly thereafter. We got bread and our soups fairly quickly then sat for an hour without any signs of food. We looked around the restraint and it was obvious other tables had been waiting and we're getting frustrated. The waitress apologized the kitchen was slow, so we gave it another 15 minutes before we finally walked out at 9:15 still hungry. The food I saw looked good, but I would never recommend this place. It doesn't take over an hour and a half to make a friggin salad and pasta.",,,
R0189,"Just stayed here for one night and it was passable. It wasn't awesome, but it is well located and fairly clean. It's just a bit dated and tired looking. The staff is friendly, so it's got that going for it.",,,
R0169,"This place is huge and spacious, making it a perfect venue for large events as they serve food and drinks and it is very spread out......it has an upper level with pool tables and a bar but it's not as spacious but is perfect for people watching. That being said, this place gets very hot as the crowds pile in.....I mean they were passing out fans and towels for goodness sake.......now I'm not sure if that is a problem with the cooling system or what but for a natural chic with a blowout these are unacceptable conditions and conditions my hair cannot withstand for an extended period of time.......definitely not a good look.",,,
R0054,"Something different here.\n\nFood, schmood, go there and drink the beers from the beer cave. I don't think you have to wait for the server to open your beer, they'll notice and charge your accordingly. It's all walk in and self service beer, why don't more places do that?!\n\nMike",,,
R0179,"If this is great Southern Food then I am a craw dad . The Okra was not fresh and rather tasteless , the fish special wasn't fresh and was small and the cabbage was mushy. I was married to a Mobile girl and this is not what I expected for Soul Food.. But it was cheap and the corn bread was excellent.",,,
R0053,"Went here this past Saturday afternoon, 11/2. My friends and I sat at the pretty much empty bar for over 5 minutes with no service. The bartender walked by us a few times and didn't even acknowledge we were there. As we walked out, we saw the bartender on the phone and other staff members standing in the back chatting. We went next door to Mad Mex and got much better service!",,,
R0207,"Hits: Tasty food, happy servers, bakery case, and custom blended coffee. \n\nMisses: Static menu...but there are specials and it is an iconic location so maybe things shouldn't change. \n\nHints: Have a cup of free coffee and enjoy some social time with friends while you wait for a table. \n\nBottom-line: Eat, drink good coffee, and be merry.",,,
R0159,It's really a place to watch sports have drinks. That's it didn't like the food there. It's probably cause its just meant for sports and drinks. Since I'm not a fan of either its definitely the wrong place for me. But for those who like drinks and sports this would be your spot!,,,
R0184,"After leaving the hood when it was dangerous and not gentrified and full of urban/hipsters, I came back around, glad to see the same guys working there, they even recognized me. Same great prices and service.",,,
R0142,"I have mixed feelings about Carmon's. I have only been there once, so I should probably give it another chance. While there I ordered the escargot appetizer - and they were very gritty (probably not their fault, but still not enjoyable). For dinner, I had some kind of ham crepe, and I thought it was horrible. I could not even eat it...and I am not the type of person to not eat my food! \n\nHowever, I am in LOVE with their dessert crepes - specifically the bananas foster crepe. It was absolutely amazing! I highly recommend ordering this item!",,,
R0030,"The first time I ate here I loved it. The second time I went, we order 1/2 sandwich and soup. We received a full sandwich and the soup was ice cold. We were also charged for the regular sandwich and soup. I've also tried take out with them and just wasn't happy with the tastes, so think I've given this place enough shots.",,,
R0011,"I had a business dinner here tonight with a party of 7. Wonderful meal, super service, private setting and a convenient location. This place is one of the most consistent restaurants in all of my work travels. Definitely a stand out in the Palm chain.",,,
R0172,"I love the food here! The pizzas are second to none, the gold wings are incredible, and the pastas are amazing. To top it off, the service here is always awesome. I'm come here anytime I'm in the area. Five stars!!",,,
R0217,"Just didn't feel like making dinner tonite, and wanted something quick, yummy and good for me.\n\nI noticed Zoes on my drive home and decided to stop in and check it out. The food was pretty good! I got the grilled chicken platter with a side of rice. I left feeling full (but like the good kind, not the \""on my God I'm gonna pass out\"" kind ;) and satisfied!\n\nI gave it 2 stars because it is kinda generic and there are so many hidden gems to keep an eye out for.\n\n:) Enjoy!",,,
R0104,"Very gourmet sandwhiches. You have to go here to see what the sandwhich of the day is. Excpect to pay about 10$+ for a sandwhich, but it will be good and different from what your normally used to. All fresh ingrediants are used and change from day to day. Its all outdoor seating or take it to go. Dont be surprised if there is a line out of the door. It gets a little crazy at lunch time so go early!",,,
R0016,Legends has food?? Seriously?? How come I did not know this? \n\nThey make a fabulous Sex on the Beach. The drink prices are reasonable. The noise level is tolerable. And it's always fun to challenge your crush to a game or two here. \n\nThat being said...and for all the time I spent here...I still didn't know they served food!,,,
R0096,"Have mixed Vincent's. My meal was good (spicy pasta) but service was spotty. Another in the party had the homemade gnocchi and it was not good at all, \""tastes like dishwater\"", was the quote. Naw, that couldn't happen to homemade gnocchi, after a taste, I agreed! Just goes to show, it depends on what you order.\n\nOh yea, the parking lot, very big but some customers parked in the entrance on both sides to make it one lane and of course when we were leaving we noticed that one guy was taping his car where it had be hit.",,,
R0069,"A decent spot to eat at. Our waitress wasn't as fast as she could have been considering it wasn't packed. Most of the food was tasty especially the molcajete but we had three complaints that kept coming up around the table. The fish was very sub-par, over cooked, and over seasoned. The rice was a little soggy and it was very tasteless, it was almost hard to eat to be honest. To finish it off the salsa was very watery and it felt like it was missing something. All In all, it was an alright spot I doubt we will be going back considering the long drive but I wouldn't count it out for good.",,,
R0178,"Came here for lunch and we saw a waitress go by with a couple of huge pizzas and we asked what it was and she told us that it was the special: personal pizza with one topping for $4.99. When our waitress came over, we all ordered our own pizza. At that price, you can't go wrong! \n\nOur waitress was friendly and attentive, but the pizza took an awful long time to come out. We must have waited for about 30 minutes before the food finally came to our table. But once it came, we ate happily and no one could finish their whole pizza. Definitely worth the money if you have the time to wait.",,,
R0092,"Not so bad, and definitely not traditional bar food. That said, we opt for better food in the downtown area.",,,
R0036,"I have enjoyed my stay very much. The complimentary breakfast was also very delicious. My room was clean and comfortable. My only complaint was the amount of TV channels offered, however you get free WiFi. I would stay here again.",,,
R0185,"Great location and fun for drinks on a beautiful day. If their food quality was better it would be worth the price, because it's just OK at best. That's the only thing missing from this place which is too bad cuz other than the food I love it.",,,
R0062,"damn this place is dead... but cute i suppose!.. part of it at least. if i didn't go by myself, i'd have much more fun grabbing a beer at every place that had beer! well, what is it like 3 places? anyway, why does anyone come here unless they're me who is stranded downtown for the week on business?",,,
R0200,"after my delicious first wrap, i went in here again and got the alota fajita with beef.\n\nit was disgusting. i had two bites and spit the second one out. the beef was gritty and seasoned weird. the green peppers and onions were stringy and not nicely textured.\n\nmy salsa was watery and it had one huge tomato chunk it. the chips were STALE.\n\nwtf, mate?",,,
R0191,"This place was ok for Champagne-Urbana. Stayed here for my cousins wedding. Rooms were spacious and the kitchenette was a plus as a serious lack of decent places to eat was evident. I don't plan on staying here again, but, then again, I don't plan on heading down to UC any time soon.",,,
R0195,"Got a sandwich to go so I can't give a full review but when I ate it, the fries were soggy and SOO greasy. I had the bag in my purse and the grease leaked through and eventually broke the bag. Really want to eat in there next time since everyones sandwiches looked yummy.\n\nTheir vegetable soup was great! The people who work there are the best. Amazing service.",,,
R0051,"Obviously the greatest part of this place are the hours and availability if you are in a pinch and live uptown and need to get something shipped out. They even have greeting cards if you need a quick birthday card shipped out. \n\nThe interior is nice and clean and supplies are neatly and well kept. The staff couldn't be nicer, maybe just a tad too nice. You know like a waiter that swings by every 5 seconds to see how the meal is. I'll take that issue any day of the week though.",,,
R0029,went today was greeted as i entered also asked if i needed assistance when i looked lost and was able to find all things i needed i had a return from a different location they got that swapped in no time this location is clean and staff were way cool i would definitely suggest others visit if you live near this area,,,
R0124,Big hotel. Not bad. Bathrooms way too small I had to dry off outside the bathroom. Priceline for good rate.,,,
R0166,Food is bar food nothing great. But it is a good time. Karaoke was fun if you know your songs from the 70s and 80s. Fun crowd that just wants to sing and drink no drama,,,
R0197,"I do miss working downtown since this is a nice spot to get some after work beverages (or 10). Very laid back, no frills atmosphere to this place with an eclectic menu so I am sure there is something everyone can find to eat here. Location, helpful staff, and tasty food/drinks makes me give this place a solid 3 stars.",,,
R0202,Stay away from this medical center unless you have plenty of time and don't mind having your credit ruined. My insurance company paid them and I paid my copay for one office visit. So far I've wasted two hours proving the $100 office visit has been paid in full 8 months ago. They are now telling me I have 10 days to pay $206 (instead of the $100) or they will send this to collections. Anyone know of a good attorney?,,,
R0067,"I get the feeling Mozart has caused a few grumbles here and there due to strict rental agreement policies and such, but we've had nothing but a great experience living in one of their buildings. Every time we have a maintenance request, they get it done within 24 hours. The radiator heat is almost too strong. They're very courteous about letting us know when they need to get in the apartment. And to top it off, they redid our bathroom after we requested it.",,,
R0066,"Family style with some coworkers, we had a very affordable dinner for the 3 of us with the small sized portions. Our waitress was attentive and our meal was quite tasty. I wouldnt give them 4 stars as our waitress did forget to bring us our bread and marinara sauce and needed to be reminded but other than that, the atmostphere was clever, the food was yummy and our drinks were decent.",,,
R0232,"Last night was my first time at D's. The beer cave was amazing! I'm not a fan of beer but can appreciate a vast selection. I went straight for the cider. The lively energy of this place was incontestable. No frills, down-to-earth place where you can kick it back with a beer (or in my case a cider) and enjoy company with friends. It was a perfect ending to our movie night at the Regent Square Theater. With smiles planted on our faces after watching a dark comedy, going to D's only extended our happy mood. Before leaving I went back to the beer cave for more cider. Good stuff, good stuff!",,,
R0153,"Jitters definitely has good coffee and ice cream, but as others noted, the service can be a little hit or miss. The ice cream here is hand made without any preservatives. The baked goods are from Prantl's, so they're localy sourced. In the fall and winter they have a good pumpkin spice latte.\n\nOne thing I noticed: theyhaven't updated their website in awhile.",,,
R0081,"They're not bad. The steaks are pretty good. The staff is usually good. I've had a few problems, but not enough to hate the place. Just enough to come less frequently. I love their appetizers. The drinks are usually over priced.",,,
R0144,"The best. I've had at least half the menu and everything is consistently excellent. Crab puffs are super filling and on point, gyoza is perfect, spring rolls rule. The panko fish is my go to; perfectly crisp, fresh and delicious every time. The chicken, whether in teriyaki or panko form, has a wonderful grilled flavor. Not to mention how affordable the prices are for what you're getting, this place is amazing. Service is always efficient and extremely friendly.",,,
R0082,"Online scheduling made my life way easier, and they called to confirm my requested time as well as the day before to make sure I was still able to make it. The check in process was very easy and efficient. They noticed how nervous my pup was and let us use a private waiting room while the vet tech prepared for his exam. Vet was friendly and seemed to genuinely care about Civ. Will definitely go back.",,,
R0222,"I heard this place stacks fries and cole slaw onto your sandwich so I gotta try it. I ordered the drunk duck drink and it was fantastic. I got to keep the little rubber ducky on top of my drink too :) As for the sandwich, I got the deluxe double egg and cheese. The portion was HUGE and very messy! More messy than boogers coming out from a runny nose. The sandwich I got was really good and filling. I would recommend this place for visitors from afar and who happens to be in the neighborhood.",,,
R0213,"I wish there were negative stars I could put for this place. One of the most unprofessional experiences I have ever had with a business owner, not even a worker. I was yelled at, mocked, and generally treated like crap for checking up on a remounting job that was supposed to be done within a week. Emotional mess the rest of the day. I have never been treated that way with any owner of a business. I work with restaurant owners for god's sake! Unbelievable. If you want the full story, email me and I will tell you the whole thing. As it is right now, DO NOT patronize this business. There was absolutely no excuse for his attitude.",,,
R0071,"I tried to order to go from this place. The phone rang and rang and rang, when someone finally did pick up they put me on hold until the line disconnected. I called back and had the exact same thing happen. We figured they were just busy and decided to drive there to get to go. There was only ONE car in the parking lot. And the place looked like a total dump, like cockroaches in the kitchen dump. \n\nForget this place. There is no excuse for not taking a phone order when there is no one in your restaurant.",,,
R0143,The apple is decent if you live within walking distance but nothing to write home about. Average draft selection. Didn't get into bottles but found that the bartender that happened to be working was not overly friendly. Went for a happy hour and it was dead. Haven't been to the Apple in years but seems like a good place to meet friends and play darts all night. Smoker friendly. I couldn't tell the crowd that frequents it because it was so dead.,,,
R0006,"I bought some Halloween lights there a few weeks ago that did not work for, $3.99. Went back to exchange them for better quality ones without my receipt, they said they could not refund. I thought that was petty of them to not take them back. They still got my sale for the better quality ones. The clerk said she was sorry. If the management was actually sorry they would have refunded my $3.99 don't you think?",,,
R0242,"There are several locations and there can be a huge differnce in product quality and service from one to the next. The 16th Street & Camleback location makes the absolute best chipotle turkey wrap (and I've tried it at four different locations). They layer the turkey, cheese and lettuce so that you don't bite into big chunks of any one but get all the flavors in each bite. For $7 you definitely get a lot of good, fresh food.",,,
R0192,"For a \""Small\"" airport, CDI sure does make a killing. It has to be one of the busiest airports on the east coast just because it services US Airways, like fo real.\n\nSome Drawbacks:\n-Only 3 security checkpoints\n-Continental's 2 gates are about the farthest from the checkpoint\n-Daily parking shuttle seems like it comes once every half hour.\nThat's about it.\n\nWhy I don't mind it:\n-Cheap daily parking\n-Delicious BBQ stand inside\n-Checkpoint lines tend to get long, but move real fast.\n-$25 cab ride from uptown.\n-Drive thru the hood to get there.\n\nCDI gets two thumbs up from this guy. Just move the continental gate closer please!!!!",,,
R0105,I wish i could give higher rating. Not comparable to buffalo exchange in alb. Nm. The women there usually are very sparse in choosey with the clothes. I have brought true religion jeans they turned down. 200 + jeans in perfect condition. I say go to other stores that buy sell trade. They might offer more. They did for me. $$$,,,
R0152,"Rating: 3.8\nShort description: Brewery\nPluses: Good beer, interesting building\nNegatives: Not the best price, Not the best service, need a better menu overall\nRecommendations: Decent enough if you like their beer styles.",,,
R0188,"After all our friends had told us to try out Texaz, we finally did. We both ordered, and it wasn't bad! What they forgot to mention to us was that they all had the chicken fried steaks and LOVED them. Guess we'll have to get that next time. Very friendly staff.",,,
R0028,"This place is a disaster. I made an appointment online for 5:30PM. When I got there they refused me service, asserting they close at 6:00PM. Nevermind that online published hours are from 7AM to 7PM. Furthermore, their own system sent me a confirmation email for my 5:30PM appointment. Finally, this building is an absolute dump... Goodyear should be ashamed to have the brand attached to it.",,,
R0129,not happy with this dealership because you cant reach anyone in service and it goes straight to the answering machine and then they never return your calls.,,,
R0140,"Pretty good yogurt. Its downtown so its a little big pricey but overall I would say its a good place to get dessert or a treat during your busy day. They update a new flavor pretty regularly. Today I had the carrot cake. What I like about them is they put the toppings in the middle and on top. So you don't get gipped! Like some other places. They also have smoothes and yogurt to go. \n\nThe place is very clean, the people are nice and dessert is good. Stop in for a treat!",,,
R0086,The food here is just good not great. Pricing is great for the large portions of food. Overall a good experience.,,,
R0165,"I came here initially seeking Sriracha, but unfortunately, this location did not carry it. The very handsome sales associate (near the computer stuff on 8/23) with the moist blue eyes and sandy hair was incredibly helpful to my friend and me. He searched other stores for Sriracha and skillfully wrote directions for us. I've never received directions as precise as those he gave us. This sales associate was exceptional and smelled really good. I highly recommend this location for its staff (but don't go here for Sriracha).",,,
R0125,Absolutely the best club sandwich I have had in a looong time. I order it everytime I go and it has never been less than awesome. And it's priced really well. \n\nAnytime I've gone at night the crowd is a little rough looking and the music is too loud. But going in the early evening or for lunch usually works pretty well.,,,
R0137,"This is the most amazingly slow drive through ever!!! Just 4 cars ahead of me and it took 1/2 hour!!! Never, ever go here. Ever!",,,
R0076,Update # 3...OK we went for our 'great experience'. It was ok. Massages themselves were good-to-great. Nothing else was improved. No follow-up from the manager considering the situation. I promise you that you can find something better to do with $175.,,,
R0175,no appt possible for detailing on weekends!!!!! this is how this business's advertising should read. always call ahead on weekends for detailing!!!!!!!,,,
R0245,"Say hello to amazing food and say goodbye to a little weight out of your wallet. The food here is simply amazing. I always start with the Mimosa tea - lemonade and tea mix.\n\nWhere to start? The appetizers are great, lunch and dinner fantastic.. desserts.. well I.. I want seconds or thirds of their desserts more so than the meal itself. \n\nWhen the weather is nice, sit outside. The decor on the inside is stunning - good for a group or a date night on the Uptown. \n\nLunch specials are around $11-12. Without alcohol, dinner for three can easily dip into the $80-$100.",,,
R0080,"I am a longtime shopper at buffalo exchange and I must say, this location is terrible. Staff is unfriendly, selection is awful & they never seem to buy any of the quality clothing that I bring in. I am done shopping here, completely over it.",,,
R0187,Awesome view. Good food. But horrible service. The restaurant had no more than 7 tables sat. There was a ton of employees working and service was still slow.,,,
R0151,Brought my car in last weekend for the supreme wash option. I have been going here for years...never a disappointment. My car looks like new and smells great every time. The employees are always courteous and pleasant. Try them and you will be hooked!,,,
R0162,"The burgers are amazing and ridiculously reasonable! The staff is friendly and attentive. The place is super clean! They do everything right at Players! Good drinks, great lunch specials and awesome service!",,,
R0146,The Nitty in Middleton seems to live off of its name recognition. The food is so-so at best. I had the premium Prarie Farms burger. To bad it was completely unseasoned. Toasting the bun on a $10 burger would've been a nice touch and would have added som texture. Why bother to pay for a premium products if they aren't properly prepared. I also think the menu is in the pricey side for basic so-so bar food. The choice of sides did yield a nice surprise - fresh asparagus spears. \n\nThis meal was a disappointment. There are few places that can pull off a decent burger. You want a great pub burger... Hit the Eastside - go to Players.,,,
R0091,"Great coffee house in a great neighborhood. I really like the 'quiet room' in the back, the fireplace, and the numerous electrical outlets. Great clientele, and while yes, I've had a couple of odd moments with the baristas, I've also met some really cool ones. And what do you think this is? Starbucks? Of course they give you a little attitude. No \""flair\""",,,
R0238,"I absolutely LOVE this place! I've been eating here for over a decade now and it NEVER fails me. Consistant, friendly, and incredible food! Everything from the breakfast bagel, to the chicken salad sandwich, to the potato salad. If I lived closer, i'd eat here twice a week.",,,
R0052,"I love this place!\n\nIt's not fancy, it's a little corner diner but their coffee is very good. Better than some of our local coffee shops even. Their breakfast is much better t",,,
R0248,"What a fun time at scarowinds! You can tell they put a lot of effort into it and nothing beats being at a park at night. Only problem I had was only you couldn't find anyone selling hot chocolate and no one knew where you could. 45 degrees outside and no hot drinks for sale? Need some work on that, but otherwise a great time.",,,
R0018,"Meh. The outside and insides are nice and trendy, and the sushi was pretty good, but my Nabeyaki Udon had a really odd flavor that didn't sit well with me. The place also smelled like fish, and that's never good. I don't know if I'd go back, especially since they're a little pricey. Service was ok though.",,,
R0246,"Design isn't very nice, just getting a little dated. But the airport was pleasant and very functional. My trip was very smooth through this airport. And I like the Sprinter which runs from the airport to Uptown.",,,
R0128,"Great sports bar with a ton of rooms - it's almost like a maze. Huge TVs everywhere, and you're never too far from a bar. They've also got pretty decent bar food. A few years ago a bunch of friends and I rented out the big room on the second floor, which was a fun place to hang out, and a perfect place for a big group of people to meet.",,,
R0017,"A bit dark in the evening. Could use more signage. Customs can take a while, so don't try to cut your flight too close. Staff is friendly and foods are overpriced. Otherwise, no complaints so far.",,,
R0015,"Absolutely delicious! Love the Icelandic smoked salmon crepe and the Nutella crepe. However, they are almost never open and the older gentleman (who I assume to be upper management) can be quite rude!\n\nI have been there a few times and have no problem with the younger servers at all, who have actually been extremely pleasant and friendly. My biggest complaint is the manager/owner who literally hung up on me not but five minutes ago!! Had it not been for him, I would have given it 4 stars.\n\nIf you don't mind potentially rude service, I would recommend giving it a try. On the other hand, sometimes it's not worth it.",,,
R0141,Very functional spot is what I would call this place. Located in Wells Fargo 3 on the way out to the Green or Aquavina. \n\nThey have a couple coffee varieties every day as well as muffins (YUM lemon poppyseed!!!) and store bought bagels. The prices are cheap and the service is friendly and quick. There are a few tables to chat or you can chat in the wide hall outside. They sell cereal too!!! How fun!,,,
R0070,"This is a local chain of oil change shops that blows away the national chains. They are fast, courteous, and do good work without trying to sell you a bunch of crap you don't need. Additionally, they treat female customers with respect.\n\nTheir prices are lower than their competitors, yet the overall value that they deliver is much higher. I cannot recommend this business enough.",,,
R0107,Average pizza at best and sub-par appetizers. Decent beer specials are only upside. Walk across the street and eat at Fuel for some real pizza.,,,
R0048,Stopped in here for a business lunch. A bit loud but still was able to speak clearly. Ordered up some shrimp tacos. Was warned they had a bit of a kick. They did and they were good! Really enjoyed them. Service was dead on too. Def a place I would go back to again if I was in the area.,,,
R0199,"This airport has not evolved or grown to accommodate its business. Similar to PHL; it is over capacity at each gate, does not have enough power outlets (let alone designated power stations), and lack of hot food choices in each terminal make is a dismal place for a layover.\n\nI personally feel awkward with bathroom attendants present as well. I prefer not to have an audience.",,,
R0090,"Sheer deliciousness! Had the sunrise... It was in a biscuit, absolutely delightful, very filling and superbly made.\nTo add to that, the atmosphere is relaxed and laid back, and the experience is very different from the normal fare.\n\nThe staff was pretty friendly and checked on us several times. (I guess it helps that you add the gratuity while ordering+paying, instead of after the meal?)",,,
R0241,"Bathrooms smell bad but there's free wifi. \n\nFood options are ok, I got a bagel w/ egg & cheese for $5.\n\nLooks like an older airport. Lots of old, white, Southern people. The free wifi made me happy, will not mind flying through again.",,,
R0085,"I stayed here for a 2 day conference and was not overly impressed by the hotel. Westin has established a name for itself, but this hotel fell short. The service was wonderful, pool and fitness room above average, and the location was prime, but the hotel rooms are in need of updating and renovations. \nIf I was paying for this trip, I would have been very disappointed.",,,
R0219,"I've had it with these folks. Tired of my dress shirts coming back with machine marks or \""sorry, but this stain won't come out\"" notes (that I then easily remove with Spray & Wash and a spin in our washing machine). I've never had these problems anywhere else, but I get it from Rainbow every 2nd or 3rd time I send a batch of shirts. Decent enough service & speed, but they just can't seem to get the cleaning right. I'm done.",,,
R0216,"Excellent food & friendly service! We will definitely be back! The guac is amazing by the way, definitely a must try starter.",,,
R0126,I ate here today for lunch and it was good. It is not a 4 Star restaurant by no means. They serve food on foam plates and give you plastic utensils. \n\nThe best thing about this place is the fact that they have good food at a very good price. I dont think you will find a better deal in The Market.,,,
R0019,"I stayed here at an incredibly cheap rate via hotwire. I was quite pleased with the value, although the room I stayed in lacked the character found in the grand hotel lobby below. Nevertheless, the room was quiet, clean, and very comfortable, except that the window let in almost no light thanks to a building adjacent to the hotel. I really mean no light, as in at noon it was dark. I presume that other, higher floors have nicer rooms.",,,
R0182,Paid $1100 for the required course - party of 6 - and unfortunately did not come close to feeling satisfied in any regard - sorry guys - not a fan and way overpriced,,,
R0114,came in here and sat at the bar only because they had open spots during panthers playoff weekend. Never thought i would be doing panther shots in a deli. But it served its purpose. We didnt eat but bartenders were nice enough. Drinks are a little pricey for plastic cups.,,,
R0060,The decor is nice and makes for a nice ambiance. Good beer selection and pizza. Pool tables are some of the best in town. Overall great local place to go.,,,
R0154,"We had our reception at The Pennsylvanian in Pittsburgh. Opening Night Caterers was our first choice and we were not disappointed!! From the first meeting, to the wonderful tasting, to the preparation and set up, to the big day, we could not have been more pleased with the service or the food. Everyone raved about it being the best wedding food ever! And the cake!! Delicious and beautiful. I would highly recommend to anyone!",,,
R0150,"I enjoyed their veggie burger. It came with a cajun remoulade - yum! The fries were just all right (part of my reason for the 4 stars). They had a decent selection of drinks (wine, beers, spirits). The location is a bit strange - sort of in a back alley. I almost missed it! But The prices were fine and the ambience was just what I expected for a Champaign Pub. It was a bit chilly inside, but then again it was 20 degrees out that night.",,,
R0135,Sundays used to be all you can drink vodka for 10 dollar cover... After paying our cover they let us know that beginning this week vodka drinks are 2 dollars... Why would anyone come on Sunday if they're pouring 2 dollar glasses of cranberry juice?,,,
R0008,"I've definitely had better. The overall quality of all the food....veggies and chicken, was definitely poor. I ate it but will definitely not go there again!",,,
R0224,"Salsa's has been at this location for a long time. I believe they just changed the name to Cabo's. The remodeled and added a stage for live entertainment. I have been there several times. I have discovered that branching out from the standard taco/enchilada/burrito is the way to go here. I really like the Chile a la Mexicana, and the Tacos al Carbon. Their chips and salsa is ok I like a spicier salsa. \nTheir service is good. They have a brunch on Sunday, I was not impressed with that. They have decent margaritas and cold beers. I will go back, and do recommend it.",,,
R0204,"I had driven past schreiner's for ages and not realized that there was a meat store attached to their facility.\n\nWhat a gem! Best place to see locovores and Valley chef's on a daily basis.\n\nI pick up lunch meet charcuterie of salami's and pepperoni's sliced to order. \n\nSausages deliver a whole treat, with several choices ranging from breakfast (maple, fig, bacon) to dinner sausages and everything in between.\n\nBring a cooler and cash! You will want to load up.",,,
R0176,"If you like waterlogged pasta, runny sauce and food that really is not that good, by all means eat here. \n\nWater is cold, so that's a plus.",,,
R0236,"Service is excellent. Every time. Food is just ok. The brisket is totally juicy and fabulous but everything else I have had there is just ok. They have a gluten free menu which is nice. Honestly though I just go back because its convenient, They need some more exciting menu items.....",,,
R0174,"My goodness, that's a big burrito you serve! \n\nWe stumbled across Firewaters Sunday afternoon when we were both very hungry. My big draw was the Coca-Cola awning because I was dying for a diet coke. We grabbed a table outside with a pretty good view of the baseball stadium and a fantastic view of all the scalpers. \n\nWe ordered a medium burger that came out well and a veggie burrito which was eeee-normous. The fries were quite good and the burrito was pretty tasty. it's not for traditionalists, as the toritlla was more like a wrap, but I really liked it. They were generous with the beans and cheese. \n\nIt's was cheap and fast, a pretty good deal.",,,
R0121,"Cheddar burger, check. Vanilla shake, check. Food coma, double check!!! This place is old school burgers, fries and shakes; and they are good at what they do!",,,
R0133,"I think this is a great place to go when you have a large number of people but it is expensive. We had chicken parm (very good), fettucine alfredo (very good) and ravioli (good). The waitress was personable but a little too slow to refill glasses, bring wine, etc. \n\nThe room we were in was surprisingly quiet which was nice - we could all hear each other speak! I would go back with a large party - when I save some money!",,,
R0123,"I paid $26 dollars for two bagel sandwhiches with lox and the works. Highway robbery. They are good, don't get me wrong. But this is outrageous. At the most I can see maybe $7 or even $8 but my god.... Well it was delicious but I could easily just go to einstein bagels or all the rest and be just as happy, especially happy for my wallet, it smarts right now.",,,
R0032,I keep trying and this place will not stop disappointing me. Lower your expectations and you may enjoy it. \nThe idea is right the execution is terrible. \nI am not old but this place is brutally loud. I mean painfully so. I mention it and they turn and walk away. \nThe food is priced right. The bartender / chef doesn't care anyway. \nIt's cheap and obviously satisfies many. \nUnfriendly should be the first warning.,,,
R0223,"Yes, the reviews are right.\n\n1) Hotel needs updated\n2) Shuttle is slow, took me an hour to get to the hotel because of a \""shift change\"". One guy was waiting at the hotel so long he missed his flight\n3) Fitness room is lacking at best",,,
R0042,"Eat at your own risk. The service is terrible, the staff seem to be generally clueless, the management is inclined to blame the staff for their own mistakes, and there's no sense of FAST in their fast food. When we came, half of the menu board was still on breakfast, and it was 4:30p. The only thing they have going for them is that the food is hot and tastes just like McDonald's should. \n\nThen again, the franchise is owned by Rice, and I've come to take terrible service is their MO.",,,
R0109,Service an atmosphere was great. I had the shrimp boil and it was very under-seasoned. Much closer to bland than anything.,,,
R0075,"This is where you go when you want to:\n\nA) See what it's like to have time stand still in the drive thru\nB) Wait soooooo long that you end up qualifying for AARP\nC) Get food poisoning, (assuming you waited long enough to get the food)\nD) Feel embarrassed because you wait soooo long in line that the entire town has passed by at least once and seen you waiting for your gastrointestinal beat down. \n\nAwesome!",,,
R0227,"This is easily one of the best Giant Eagles I've ever been to. Huge. Very nice selection. Easily comparable to Whole Foods. Went to their cheese market, and was pleasantly surprised with the selection. I got Beemster Vlaskas, an amazing Gouda. Very large parking lot.",,,
R0214,"Wow, went here with a buddy of mine. He's a local and kept telling me how good it was. And, I was not disappointed in the least. You will not go wrong with this place!!!",,,
R0139,"I wish I could give this place no stars. The place was nasty, food had no flavor, desserts were freezer burnt, and the only thing good was the McDonald's we had after we left this place disappointed!",,,
R0009,"A strip-mall chain. It's not bad food, just a bad location. Their version of a fried onion with dipping sauce is the same you'd get at Chilis. The steak was cooked just as I ordered and the service was good.\n\nThis place is pretty much like a Longhorn or Outback, so if you like the two of those, give it a shot.\n\nNo complaints...just nothing special that's making me come back.",,,
R0193,"CLT reminds me of what CVG used to be- huge, hub of a major carrier, lots of concourses, plenty of dining options and most importantly delayed flights. CVG was notorious for flights not leaving on time and since Delta moved it's hub to Detroit it is like a ghost town. \n\nAnyway I digress- As others have stated there is limited seating in the gate area and it seems like every seat is taken and the number of electric outlets are lacking.",,,
R0027,"Worst service in a Marriot. My key did not work, went to the office and she did not even check my name!!!!.... Waited for the shuttle around 40 min at the airport. Not even friendly people working there...",,,
R0115,"I must be jaded since I came from Boston where the Bakeries are excellent. I heard through the grape vine that the roasted almond torte was excellent so we bought some and brought it home. The salty sweet toasted almond coating was excellent, but the fluffy cake with some type of pudding between the layers was mediocre at best. I hate it when bakeries make awful cake because it seems to me that is an easy item to get right. I will give them another chance but so far I would say they are average.",,,
R0112,"Best coffee in Pittsburgh, without a doubt. Believe the hype. I've been going here for years, and every visit is a pleasure.",,,
R0118,"I don't know. This place seems a little tragic to me; the self-consciously arty vibe inside and the affected hipsters behind the counter are aggressively mannered, but also a little frayed around the edges. It's like a very good diorama of a coffee shop made by someone who has seen one in a movie or read about one in a book. The coffee is just ok.",,,
R0163,Went to Soba to celebrate my sons birthday. Quality of food was not at all what was expected for the price. We have eaten there several times in the past but not sure that we will be going back anytime soon.,,,
R0040,"STAY AWAY FROM ARCADIA COVE!! \nThey won't give the deposit back. Even though I have cleaned everything, they said simple reasons to keep the deposit with them. DO NOT STAY IN ARCADIA COVE, you will loose all your security deposit.",,,
R0130,"I started a new job and the bosses brought us here for lunch. It was ok. I got a lunch combo meal, but I didn't pay.\nThe service was really great but the food was not. Just kind of plain. \nIt's convenient to work, so I will probably be back, I just won't have very high expectations.",,,
R0167,"Lost my paperwork multiple times. Lost my DD214 which they were supposed to return after processing. Refused to take action on claim, until I had sent multiple letters to congress about claim.",,,
R0103,"This place is huge, I feel like I'm at some kind of mall or something. It's by far the nicest and newest looking airport I've been to. Didn't mind being stuck in this nice airport for an hour or so. Got a little treat at Pinkberry and walked around. There are plenty of shops and restaurants and I never had a problem with finding anything or getting to or on my plane. Oh, and very clean!",,,
R0134,"The room was fine, obviously outdated but it looks as though they are upgrading currently. The food on the other hand was overpriced and gross. Do yourself a favor and do not order room service. It looked as though it was prepared at a truck stop, nuked and then brought up to my room. I complained, they said sorry and that was it. No new food, no help from the front desk and still charged me for it. Platinum member service my butt.",,,
R0149,"Great breakfast, good price. You might have to stand outside in line though, so I don't really recommend winter time to go. lol. Very friendly service, interesting coffee mugs. They have great deserts and such also. Bring your cash though as they dont' take cards.",,,
R0003,"This was a bit of a disappointment. Sushi rice was way too sweet, and the pasta was overcooked. Overall food was ok but worse than I had expected given the 4 star rating and seemingly authentic menu.",,,
R0007,"This airport was pretty cool. Until... Going through that TSA x-ray scanning and pat down! This service should have included four star dining and drinks before hand. \n\nBefore I head back to the West Coast, I was craving for some Bojangles Chicken. Luckily I had a two hour gap before my flight. I was walking from terminal A to terminal B. I literally had walk a mile and a half to get to the only Bojangles in the airport. \n\nP.S. - CLT please add at least one Bojangles in each terminal. Thank you.",,,
R0194,"Love the food, but we get take out to the office and every time its a bit of an ordeal. \n\nEat in. If you're planning on take out make it simple.",,,
R0203,"The food was nothing more than mediocre for the price. Mediocre ribs (on the dry side), ginormous portions, and big prices to match. Tastes like a chain! And you pay for the theme.\n\nCan be decent for a gathering of the masses to watch a game, or a large party. Otherwise, I'd pass.",,,
R0157,This hospital does more than you know for our community. Maricopa Medical Center delivers superior care to the uninsured and insured alike. This facility is involved in training new physicians and nurses.,,,
R0156,"This should be a four- or five-star place. But the service brings it down. The bagels are excellent, and there's nothing wrong with the food. But the staff leaves the coffee too long - it always tastes burnt / bitter / terrible (just go next door and get a Starbucks). They also take no interest in the cleanliness of the place - I have never seen someone come out and wipe down tables or sweep up debris. Staff turnover is high and competence is low; they tend to have an attitude.",,,
R0100,"I order it for my employees occasionally. The pizza is what you expect, nothing better than OK. They throw on an extra $1.50 for delivery charge and the drivers tell us that most goes directly to the managers pockets. That Sucks.",,,
R0101,This YMCA is very easily missed if you do not have a GPS system. It is tucked away from eyesight off of Albemarle Road. The parking lot is very awkward and uneven to me. This area has a lot of involvement with children from what i have noticed on my regular visits. The weight room is small but it has a lot of free weights to use if your use to lifting weights.,,,
R0065,"I used to really like this place, but the service can't be overlooked anymore. I ate here recently on a monday afternoon (granted it's not the A team on Monday's), but it was so obvious the staff just wanted to get us out of there so they could go back to reading star magazine. The food was good, not great but good enough. The service as mentioned was poor. The server was apathetic at best. He didn't give us time to finish our soup before he had our entree's in front of us and a check on the table. I think this was my last visit.",,,
R0005,The service was great but the food was all right. I've been to several Qdoba's and this one was just not up to par.,,,
R0186,"I've just had one alteration job done here -- three pairs of pants shortened, at $14 a pop. Which really seems fairly economical compared to having three pairs of expensive pants sitting in the closet because I can't wear them without stepping on the hems. They were fast and efficient, and the pants are the perfect length and break correctly on my leg, so I'll be happy wearing them. I plan to give them some more complicated work soon and will update.",,,
R0243,"Tried this place for lunch, had the chicken burro and have to agree with the other reviewers. I wouldn't recommend Matador and am still baffled that it was packed at lunchtime.",,,
R0205,"This store is ridiculous. They need to hire way more people. I was upstairs trying to find an employee to help for what it seemed as if it took donkey's years. I finally managed to locate someone who happen to be on the phone with someone else, for which I had to wait at least 15 minutes until I was helped. Customer service is a disaster. However the ambience/atmosphere is enjoyable.",,,
R0026,"Check-in was fast and quick and price was right for what it was. A big upgrade over a discount property and super close to the airport. It does resemble a different kind of hotel in that everything was outside, but the room was spacious and generally quiet. The morning breakfast was solid and the only real minus was the shuttle's delay; some of the hotels came twice in the time it took this one to show up once. But save for that...a more than adaquate experience for an overnight stay.",,,
R0226,"I had a 60 day free membership to be Bj's, the only reason I even went in there. Let me state that I have been a member of Costco for over 12yrs,do I do have a bias towards Costco over Sams club or bj' s, but I figured I'd try it. First, the selection in fruits and vegetables was horrible, one of my favorite areas in Costco.... The selection in other areas such as clothing was NOT impressive. Overall, a waste of my time even trying them. There is a reason Costco is the #1 wholesale warehouse site...",,,
R0210,"She was great at explaining the process and seemed to really know what she was doing. The office is nice and very clean. However she didn't show up for our second appointment, or answer the phone, or even call me back. Come to think of it I don't think she ever even asked my name. I waited outside in freezing January for 15 minutes because you can't even enter the building unless she lets you in. Needless to say I was none too happy and gave up.",,,
R0084,I love this church b/c the pastor is biblically accurate and the worship is very moving and that God is moving in this church. Life groups are awesome and the people are very friendly. God has his hand on this church and seeing it grow the way it has in the past few years is the reason that God has blessed this church.,,,
R0041,"After 17 years of only being able to choose between three pizza chains, I really appreciate little places like this with good pizza. The pepperoni pizzas are thin and greasy like they're supposed to be, the crust is home made, the sauce is good, and the amount of cheese perfect.\n\nIt's kind of sad that the other 'V' pizza place around the corner isn't any better than the three national chains.",,,
R0215,these guys have been doing it proper since day one. best customer service and best selection of boards and gear.,,,
R0047,"Amazing food, lovely atmosphere. Lot of the menu changes seasonally. We probably come here twice a month. I try to avoid ordering the same thing over an over (the fillet mignon is just outstanding), and I have never been disappointed.\n\nIt's a bit on the pricey side, but I think it's worth it for a date or even a group night out.\n\nThe upstairs covered patio area is great in the summer time.",,,
R0206,Sweet Tomatoes is the haven of all buffets. It's large and clean with helpful staff and excellent food. (Or so I've found at this location)\n\nI may go there now...,,,
R0225,"First night not so great. Immediately apparently means 30 minutes later AFTER you call again to the front desk. No one in the room next to me, alarm clock goes off. After waiting 10 minutes, and then knocking on door with no response, call front desk and am told it will be taken care of immediately. Waited 30 minutes, and called back. Then someone came up to take of it.\nIt been a bad day, and this is an excellent end to it.\n3 more nights to go, woo hop!\nAmbiance C\nCleanliness C (generally grungy everywhere)\nCustomer Service D\n(Only selected 1 star because I couldn't post with none)",,,
