prompt_id,review_id,condition,run_index,model_name,model_version,backend,predicted_label,prob_negative,prob_neutral,prob_positive,raw_text,latency_ms,error,queried_at_utc
R0001_none,R0001,none,1,mock,v1,MockBackend,negative,0.35306464995345155,0.3008618485694925,0.346073501477056,negative,0,,2026-10-04T08:02:20Z
R0002_none,R0002,none,1,mock,v1,MockBackend,positive,0.30765835420913873,0.2811785643252271,0.4111630814656342,positive,0,,2026-10-04T08:02:20Z
R0003_none,R0003,none,1,mock,v1,MockBackend,neutral,0.3056688367702111,0.45146700116831634,0.24286416206147243,neutral,0,,2026-10-04T08:02:20Z
R0004_none,R0004,none,1,mock,v1,MockBackend,negative,0.43374858805817934,0.211128103782442,0.35512330815937865,negative,0,,2026-10-04T08:02:20Z
R0005_none,R0005,none,1,mock,v1,MockBackend,positive,0.2925179866338436,0.23475118302451806,0.4727308303416384,positive,0,,2026-10-04T08:02:20Z
R0006_none,R0006,none,1,mock,v1,MockBackend,neutral,0.30663617014922523,0.40168248218616137,0.2916813476646134,neutral,0,,2026-10-04T08:02:20Z
R0007_none,R0007,none,1,mock,v1,MockBackend,negative,0.39924233425455397,0.25712660411728777,0.3436310616281582,negative,0,,2026-10-04T08:02:20Z
R0008_none,R0008,none,1,mock,v1,MockBackend,negative,0.3553520919810975,0.29979805751698063,0.3448498505019218,negative,0,,2026-10-04T08:02:20Z
R0009_none,R0009,none,1,mock,v1,MockBackend,negative,0.38855692984816015,0.25275981670235215,0.35868325344948765,negative,0,,2026-10-04T08:02:20Z
R0010_none,R0010,none,1,mock,v1,MockBackend,negative,0.41256249817214236,0.3446011650790828,0.2428363367487749,negative,0,,2026-10-04T08:02:20Z
R0011_none,R0011,none,1,mock,v1,MockBackend,negative,0.4275741854461043,0.261943231497861,0.31048258305603466,negative,0,,2026-10-04T08:02:20Z
R0012_none,R0012,none,1,mock,v1,MockBackend,positive,0.3384717880039159,0.2799023366809606,0.38162587531512354,positive,0,,2026-10-04T08:02:20Z
R0013_none,R0013,none,1,mock,v1,MockBackend,positive,0.2060036431860368,0.35350366531008365,0.44049269150387954,positive,0,,2026-10-04T08:02:20Z
R0014_none,R0014,none,1,mock,v1,MockBackend,negative,0.45718638095075637,0.20749165949615864,0.335321959553085,negative,0,,2026-10-04T08:02:20Z
R0015_none,R0015,none,1,mock,v1,MockBackend,positive,0.2907594702275906,0.29663320115065567,0.41260732862175364,positive,0,,2026-10-04T08:02:20Z
R0016_none,R0016,none,1,mock,v1,MockBackend,positive,0.212778208977477,0.3877071748519974,0.39951461617052564,positive,0,,2026-10-04T08:02:20Z
R0017_none,R0017,none,1,mock,v1,MockBackend,positive,0.26714373659701346,0.2698285757848467,0.4630276876181399,positive,0,,2026-10-04T08:02:20Z
R0018_none,R0018,none,1,mock,v1,MockBackend,negative,0.40498293467121377,0.3315719830982927,0.2634450822304935,negative,0,,2026-10-04T08:02:20Z
R0019_none,R0019,none,1,mock,v1,MockBackend,negative,0.4184805188234329,0.23197516973679422,0.34954431143977277,negative,0,,2026-10-04T08:02:20Z
R0020_none,R0020,none,1,mock,v1,MockBackend,neutral,0.19102755564157967,0.41257486816405575,0.3963975761943645,neutral,0,,2026-10-04T08:02:20Z
