review_id,source,source_review_id,stars,sentiment_label,n_words,text
R0001,yelp,row5052,2,negative,24,The lobster tail was salty. The crab legs were alright. The shrimp was awesome. The asparagus was amazing. All in all it was eh.
R0002,yelp,row722,1,negative,99,"I would rather drive out of my way to another Home Depot than give this location my business. \n\nEmployees are unhelpful and the most of them are too busy talking to each other and complaining about their jobs to notice you're standing there in front of them. Strike that... I'm certain they notice, they just don't care.\n\nI'm a pretty understanding person, but when this sort of thing happens more than once on the same visit, it's time to go. There are plenty of HD's around, seek them out and skip this one (especially if you're going to have questions)!"
R0003,yelp,row18335,3,neutral,37,"This was a bit of a disappointment. Sushi rice was way too sweet, and the pasta was overcooked. Overall food was ok but worse than I had expected given the 4 star rating and seemingly authentic menu."
R0004,yelp,row4614,4,positive,31,"Decent breakfast and great service. I found the much touted corned beef hash to be too salty but everything else we ordered was great. Overall, I recommend this restaurant for breakfast"
R0005,yelp,row17890,3,neutral,24,The service was great but the food was all right. I've been to several Qdoba's and this one was just not up to par.
R0006,yelp,row4981,1,negative,77,"I bought some Halloween lights there a few weeks ago that did not work for, $3.99. Went back to exchange them for better quality ones without my receipt, they said they could not refund. I thought that was petty of them to not take them back. They still got my sale for the better quality ones. The clerk said she was sorry. If the management was actually sorry they would have refunded my $3.99 don't you think?"
R0007,yelp,row7693,2,negative,93,"This airport was pretty cool. Until... Going through that TSA x-ray scanning and pat down! This service should have included four star dining and drinks before hand. \n\nBefore I head back to the West Coast, I was craving for some Bojangles Chicken. Luckily I had a two hour gap before my flight. I was walking from terminal A to terminal B. I literally had walk a mile and a half to get to the only Bojangles in the airport. \n\nP.S. - CLT please add at least one Bojangles in each terminal. Thank you."
R0008,yelp,row10146,2,negative,26,"I've definitely had better. The overall quality of all the food....veggies and chicken, was definitely poor. I ate it but will definitely not go there again!"
R0009,yelp,row5163,3,neutral,69,"A strip-mall chain. It's not bad food, just a bad location. Their version of a fried onion with dipping sauce is the same you'd get at Chilis. The steak was cooked just as I ordered and the service was good.\n\nThis place is pretty much like a Longhorn or Outback, so if you like the two of those, give it a shot.\n\nNo complaints...just nothing special that's making me come back."
R0010,yelp,row2028,4,positive,72,"Don't go if you want a nice dining environment. To say the furnishings in the dining area are spartan would be an understatement.\nBut, the food is fantastic. Fresh made, fairly priced, and delicious. Get a dessert cookie or cannoli to round out your lunch. \nI hit this place every time I'm in Pittsburgh. Everyone hears about Primanti's (which is good, dont get me wrong), but this place is every bit as good."
R0011,yelp,row8455,4,positive,45,"I had a business dinner here tonight with a party of 7. Wonderful meal, super service, private setting and a convenient location. This place is one of the most consistent restaurants in all of my work travels. Definitely a stand out in the Palm chain."
R0012,yelp,row9469,3,neutral,34,"Good sandwiches, fancy-type bread, not a large selection for the kids. Ice cream seems okay, if not outstanding. Reasonably quick and friendly service, more affordable than some of the other options in the area."
R0013,yelp,row1782,3,neutral,70,"Ya Gotta Regatta! It's Pittsburgh's mid summer July 4th celebration. Once it was the largest inland regatta in the nation with an average 1 Million people visiting for the four day event. Scaled back these days for reasons I won't get into, the annual summer spectacular features boat racing, anything that floats contests, a lighted boat parade, concerts, and the huge July 4Th fireworks display. Best of all, it's free!"
R0014,yelp,row9310,3,neutral,49,"Just a heads up, this rating is only for cravings past 2am, usually when drunk and/or completely starved, this place is a hole while the sunlight is up. Now having said that, 2 tacos for 99 cents and super scrumptious milkshakes, not sure what else you could ask for!!"
R0015,yelp,row4654,3,neutral,109,"Absolutely delicious! Love the Icelandic smoked salmon crepe and the Nutella crepe. However, they are almost never open and the older gentleman (who I assume to be upper management) can be quite rude!\n\nI have been there a few times and have no problem with the younger servers at all, who have actually been extremely pleasant and friendly. My biggest complaint is the manager/owner who literally hung up on me not but five minutes ago!! Had it not been for him, I would have given it 4 stars.\n\nIf you don't mind potentially rude service, I would recommend giving it a try. On the other hand, sometimes it's not worth it."
R0016,yelp,row12548,3,neutral,59,Legends has food?? Seriously?? How come I did not know this? \n\nThey make a fabulous Sex on the Beach. The drink prices are reasonable. The noise level is tolerable. And it's always fun to challenge your crush to a game or two here. \n\nThat being said...and for all the time I spent here...I still didn't know they served food!
R0017,yelp,row7870,3,neutral,36,"A bit dark in the evening. Could use more signage. Customs can take a while, so don't try to cut your flight too close. Staff is friendly and foods are overpriced. Otherwise, no complaints so far."
R0018,yelp,row3894,3,neutral,57,"Meh. The outside and insides are nice and trendy, and the sushi was pretty good, but my Nabeyaki Udon had a really odd flavor that didn't sit well with me. The place also smelled like fish, and that's never good. I don't know if I'd go back, especially since they're a little pricey. Service was ok though."
R0019,yelp,row3049,3,neutral,80,"I stayed here at an incredibly cheap rate via hotwire. I was quite pleased with the value, although the room I stayed in lacked the character found in the grand hotel lobby below. Nevertheless, the room was quiet, clean, and very comfortable, except that the window let in almost no light thanks to a building adjacent to the hotel. I really mean no light, as in at noon it was dark. I presume that other, higher floors have nicer rooms."
R0020,yelp,row7579,3,neutral,21,I ordered a takeout here today and ordered my FF extra crispy. Same old limp soggy under cooked fries as usual.
R0021,yelp,row15552,1,negative,78,This review is solely about volunteering here. They do not return phone calls or emails. They treat people that want to volunteer their time horribly! On facebook former volunteers/vanguards are always complaining. Sojourner Center should start treating better those willing to work for free! This is a disgrace. The horror stories that i heard and my personal experience of not even treated as a person that should have emails returned is just unbelievable. Want to volunteer? Look elsewhere.
R0022,yelp,row16562,3,neutral,24,"Had bbq pork sandwich. It was good, but over priced. No lids for your soda? Wth? Wish they served fries instead of potato chips."
R0023,yelp,row4017,4,positive,42,"Very nice inside with a great atmosphere. Turn around was quick and staff was friendly. I got a white comforter dry cleaned and while it didn't as clean as I had hoped, it was cleaner, smelled great, and was wrapped up neatly."
R0024,yelp,row17256,5,positive,109,"I'm a regular at Pane and can honestly say I've never had a bad experience. Visually beautiful and home to the BEST caprese sandwich you will ever have. They always have their signature sandwiches and pizzas but the menu changes daily -- something I love in a restaurant. The food is fresh, produce local, and bread made in-house. They sell beverages in glass bottles and if you take your food to go, they supply a homemade caramel. There is nothing about this place I don't love! Especially the fact that it's located next to Lux -- so you can stop in for coffee and dessert or a cocktail afterward."
R0025,yelp,row12605,3,neutral,54,"I mean, I was really hungover, so it did it's job. But it was one of the greasiest things I've ever eaten in my life. Took about 15-20 minutes to get a table, but the service was good. Just don't order the country fried steak unless you want a heart attack at 11:00 am."
R0026,yelp,row16239,3,neutral,90,"Check-in was fast and quick and price was right for what it was. A big upgrade over a discount property and super close to the airport. It does resemble a different kind of hotel in that everything was outside, but the room was spacious and generally quiet. The morning breakfast was solid and the only real minus was the shuttle's delay; some of the hotels came twice in the time it took this one to show up once. But save for that...a more than adaquate experience for an overnight stay."
R0027,yelp,row5342,1,negative,38,"Worst service in a Marriot. My key did not work, went to the office and she did not even check my name!!!!.... Waited for the shuttle around 40 min at the airport. Not even friendly people working there..."
R0028,yelp,row601,1,negative,66,"This place is a disaster. I made an appointment online for 5:30PM. When I got there they refused me service, asserting they close at 6:00PM. Nevermind that online published hours are from 7AM to 7PM. Furthermore, their own system sent me a confirmation email for my 5:30PM appointment. Finally, this building is an absolute dump... Goodyear should be ashamed to have the brand attached to it."
R0029,yelp,row19433,5,positive,62,went today was greeted as i entered also asked if i needed assistance when i looked lost and was able to find all things i needed i had a return from a different location they got that swapped in no time this location is clean and staff were way cool i would definitely suggest others visit if you live near this area
R0030,yelp,row9115,2,negative,63,"The first time I ate here I loved it. The second time I went, we order 1/2 sandwich and soup. We received a full sandwich and the soup was ice cold. We were also charged for the regular sandwich and soup. I've also tried take out with them and just wasn't happy with the tastes, so think I've given this place enough shots."
R0031,yelp,row6155,5,positive,26,"Love this place! Southern cuisine with a modern twist! Great food, friendly & professional service, and great atmosphere. My favorite dish is the pecan trusted trout."
R0032,yelp,row19472,2,negative,74,I keep trying and this place will not stop disappointing me. Lower your expectations and you may enjoy it. \nThe idea is right the execution is terrible. \nI am not old but this place is brutally loud. I mean painfully so. I mention it and they turn and walk away. \nThe food is priced right. The bartender / chef doesn't care anyway. \nIt's cheap and obviously satisfies many. \nUnfriendly should be the first warning.
R0033,yelp,row6846,4,positive,25,"Better than expected. Many salad bar items, excellent corn bread. BF cleared his plate, I did too. Nothing fancy but good food! Staff very attentive."
R0034,yelp,row12595,3,neutral,65,I don't know I just wasn't that impressed. It was a neat little store and the employees were super friendly but I couldn't find much (then again when I buy used I usually go to salvation army). I walked out with a dress that was 30 bucks and I have yet to wear. Maybe it's hit or miss? I just didn't find it that great.
R0035,yelp,row13466,3,neutral,105,"I've gotten use to this safeway after living down the street for a year but it certainly is different than others I've shopped at. \n\nSize wise it's tiny. There are only 5 or 6 registers and there's always a line, no matter what time of day. The later at night you go the sketchy the customers get. I went in for a late night ice cream run once and thought I had entered the Twilight zone.\n\nThe one thing stopping me from giving it two stars are the employees. They're always friendly and willing to help. I can always start up a conversation when checking out."
R0036,yelp,row9574,4,positive,40,"I have enjoyed my stay very much. The complimentary breakfast was also very delicious. My room was clean and comfortable. My only complaint was the amount of TV channels offered, however you get free WiFi. I would stay here again."
R0037,yelp,row12856,3,neutral,78,"I have made a couple visits over the years (I don't live in Champaign). Located along a major thoroughfare for the city and near campustown. The donuts are pretty good. Quick service. However, not all the donuts are in stock at a given time. I was just there and didn't even see glazed yeast donuts (the classic).- just glazed cake and the glazed minis. I appreciate having someplace to grab a snack with early morning Black Friday shopping."
R0038,yelp,row17804,4,positive,81,"This is great place to have a healthy meal for a decent price. Salad fixins are all super fresh, and there are so many to choose from. The soups that I tried, the chicken noodle and creamy tomato, were as good as any homemade soup I've had. This really is more like 3.5 stars for me, but I give it the bump for the soft-serve ice cream machine -- not to mention the warm snicker-doodle cookies they brought to our table."
R0039,yelp,row9032,3,neutral,97,"The Fish Tacos are what brings me to Hickory Tavern for lunch. They are absolutely fantastic. However, the rest of the menu I haven't had much success. Nothing bad, just nothing that sticks out and says wow. \n\nThe desserts are MASSIVE, and I would recommend sharing if you get one. The oreo cheesecake and the tiramisu cheesecakes are especially good.\n\nThey do offer trivia on Wednesday nights where you can win gift certificates (and apply them to your bill that night). \n\nAgain, 3 stars for having some good food, but I don't yearn to go there every week."
R0040,yelp,row16315,1,negative,40,"STAY AWAY FROM ARCADIA COVE!! \nThey won't give the deposit back. Even though I have cleaned everything, they said simple reasons to keep the deposit with them. DO NOT STAY IN ARCADIA COVE, you will loose all your security deposit."
R0041,yelp,row1683,5,positive,70,"After 17 years of only being able to choose between three pizza chains, I really appreciate little places like this with good pizza. The pepperoni pizzas are thin and greasy like they're supposed to be, the crust is home made, the sauce is good, and the amount of cheese perfect.\n\nIt's kind of sad that the other 'V' pizza place around the corner isn't any better than the three national chains."
R0042,yelp,row100,1,negative,92,"Eat at your own risk. The service is terrible, the staff seem to be generally clueless, the management is inclined to blame the staff for their own mistakes, and there's no sense of FAST in their fast food. When we came, half of the menu board was still on breakfast, and it was 4:30p. The only thing they have going for them is that the food is hot and tastes just like McDonald's should. \n\nThen again, the franchise is owned by Rice, and I've come to take terrible service is their MO."
R0043,yelp,row18866,5,positive,38,"Great prices for the the quality of pizza.\n\nWe got wings and the pizza. It was all good. No complaints.\n\nQuick, friendly service. So good.\n\nEverything was good. Like, so good. It's my new fav pizza place thing.\n\nSo good. Like, good."
R0044,yelp,row13522,5,positive,54,"Wow...what a nice surprise! Chips and salsa were great, even though I usually prefer my salsa spicier than what is offered. Desert Fire Pasta was EXCELLENT, and sons loved their pork enchiladas and chicken quesadillas. Limit Two margarita was awesome (Top Shelf Conmemorativo). Highly recommended - great food, reasonably priced, and outdoor seating wonderful!"
R0045,yelp,row11780,2,negative,47,"Didn't think it was as good as other reviewers. Thought my Ribs had a rubbery texture. Would have given it a 1 star but the others I was with thought it was So So, so I'll give this place a 2 but that may be a stretch."
R0046,yelp,row15082,2,negative,39,"Spent north of $1200 for simple food in one of their boxes last week. After charging me a %20 \""service fee\"" on the food, they ask for a %15 tip as well. Going to the ball park next time."
R0047,yelp,row4089,5,positive,71,"Amazing food, lovely atmosphere. Lot of the menu changes seasonally. We probably come here twice a month. I try to avoid ordering the same thing over an over (the fillet mignon is just outstanding), and I have never been disappointed.\n\nIt's a bit on the pricey side, but I think it's worth it for a date or even a group night out.\n\nThe upstairs covered patio area is great in the summer time."
R0048,yelp,row8230,5,positive,60,Stopped in here for a business lunch. A bit loud but still was able to speak clearly. Ordered up some shrimp tacos. Was warned they had a bit of a kick. They did and they were good! Really enjoyed them. Service was dead on too. Def a place I would go back to again if I was in the area.
R0049,yelp,row16721,1,negative,80,"Even though it is only $6 to get in, this is so old school. They hand you a 3 ring binder to take you through the tour. They do not have information cards at each fire truck. You have to read this small print in the 3 ring binder while minding your children. The old guy at the front desk was grouchy on top of it all. Don't waste your money. Make a donation to the fallen fire fighters instead."
R0050,yelp,row13705,1,negative,90,"HUGE disappointment!!!! Stopped for a quick dinner before a show. Ordered 2 burgers medium. They came out extremely well done & the buns were hard & dry. The waitress took them back to the kitchen & returned with 2 more well done burgers! What the heck?! When we told her (& showed her), she apologized & took 20% off the bill. We didn't have time for round 3. They didn't even send a manager over. $30 for an inedible meal. We will not be back. I'd recommend trying somewhere else."
R0051,yelp,row5840,3,neutral,93,"Obviously the greatest part of this place are the hours and availability if you are in a pinch and live uptown and need to get something shipped out. They even have greeting cards if you need a quick birthday card shipped out. \n\nThe interior is nice and clean and supplies are neatly and well kept. The staff couldn't be nicer, maybe just a tad too nice. You know like a waiter that swings by every 5 seconds to see how the meal is. I'll take that issue any day of the week though."
R0052,yelp,row3628,4,positive,32,"I love this place!\n\nIt's not fancy, it's a little corner diner but their coffee is very good. Better than some of our local coffee shops even. Their breakfast is much better t"
R0053,yelp,row657,1,negative,72,"Went here this past Saturday afternoon, 11/2. My friends and I sat at the pretty much empty bar for over 5 minutes with no service. The bartender walked by us a few times and didn't even acknowledge we were there. As we walked out, we saw the bartender on the phone and other staff members standing in the back chatting. We went next door to Mad Mex and got much better service!"
R0054,yelp,row1604,4,positive,48,"Something different here.\n\nFood, schmood, go there and drink the beers from the beer cave. I don't think you have to wait for the server to open your beer, they'll notice and charge your accordingly. It's all walk in and self service beer, why don't more places do that?!\n\nMike"
R0055,yelp,row7807,4,positive,62,"So chill. How chill you ask?.... They have ROCKING CHAIRS! Yes, rocking chairs in an airport! THAT'S how chill this is airport is. And yes I've used the word chill and airport in the same sentence (rare combo). \n\nBesides the rocking chairs, there's free wifi and various food options. Pleasant staff, clean and not over crowded. Not a bad spot for layover."
R0056,yelp,row13096,2,negative,41,The sangria here is awful. I think it was a tequila sunrise. The food is greasy and not in a good way. The only thing good was the goat cheese. But it is goat cheese. How can you mess that up?
R0057,yelp,row3238,1,negative,91,"I ordered a Veggie Pizza with 4 different toppings and did not really enjoy it a lot. They use some oil which smell different that killed the taste of my pizza. Also, the toppings were not greatly blended, just rather sprinkled. DIdn't even enjoy the pizza crust.\nI work right next door, but wont go there again.\nI usually dont write reviews. Was surprised Yelp had 4 stars and I was disaoopinted, so writing my experience.So sharing my input that may help others make an uinformed choice causeI think 4 stars is misleading."
R0058,yelp,row11672,3,neutral,24,Your only choice for movies if you're on the east side. Older theater shows the current films but don't expect anything extraordinary from here.
R0059,yelp,row17220,5,positive,92,"I love love love this place! The tmb sandwich is the best around. Everything from the bread, to the cheese to the veggies are fresh and flavorful. A definite must try if you're downtown. But don't expect there to be much seating though. It's pretty much a to go kinda place. There's a few benches outside, but it's pretty much take and go. So just a little heads up. They even have a few salads there, the caprese is the best. Try it, it's good and a definite repeat kind of place."
R0060,yelp,row13034,4,positive,30,The decor is nice and makes for a nice ambiance. Good beer selection and pizza. Pool tables are some of the best in town. Overall great local place to go.
R0061,yelp,row13856,1,negative,75,"Some people must have different taste buds ,I have been here about 5 times over a span of 6years , never once have I enjoyed it ,\nEvery time I say oh let's give it a try and I regret it I've tried enchiladas burritos tacos crane asada this is no where near the real thing , the last time I think there was lettuce in the guacamole maybe by accident but it made me sick"
R0062,yelp,row14638,2,negative,59,"damn this place is dead... but cute i suppose!.. part of it at least. if i didn't go by myself, i'd have much more fun grabbing a beer at every place that had beer! well, what is it like 3 places? anyway, why does anyone come here unless they're me who is stranded downtown for the week on business?"
R0063,yelp,row15382,4,positive,87,The food was really good but their beans and rice side for a plate is ridiculously priced. The service was horrible! Waited forever get a table because it said please wait to be seated then to be told go pick out what table you want. Took almost 15 mins to get chips. And our waitress was rude and didn't check on us once until it was time to pay. She didn't ask if we wanted refills or a box for the 3$ beans and rice we got.
R0064,yelp,row12589,2,negative,67,"A reasonable place for decent food at a cheap price. Something about the ambiance of the place puts me off though. This place is more of a quick lunch place so it shouldnt really matter how nice the place is or not - but the dreary atmosphere discourages me to go here. The person running the place is somewhat cold and rude, thats something I rather avoid."
R0065,yelp,row3156,2,negative,106,"I used to really like this place, but the service can't be overlooked anymore. I ate here recently on a monday afternoon (granted it's not the A team on Monday's), but it was so obvious the staff just wanted to get us out of there so they could go back to reading star magazine. The food was good, not great but good enough. The service as mentioned was poor. The server was apathetic at best. He didn't give us time to finish our soup before he had our entree's in front of us and a check on the table. I think this was my last visit."
R0066,yelp,row5094,3,neutral,72,"Family style with some coworkers, we had a very affordable dinner for the 3 of us with the small sized portions. Our waitress was attentive and our meal was quite tasty. I wouldnt give them 4 stars as our waitress did forget to bring us our bread and marinara sauce and needed to be reminded but other than that, the atmostphere was clever, the food was yummy and our drinks were decent."
R0067,yelp,row4559,4,positive,84,"I get the feeling Mozart has caused a few grumbles here and there due to strict rental agreement policies and such, but we've had nothing but a great experience living in one of their buildings. Every time we have a maintenance request, they get it done within 24 hours. The radiator heat is almost too strong. They're very courteous about letting us know when they need to get in the apartment. And to top it off, they redid our bathroom after we requested it."
R0068,yelp,row467,3,neutral,55,I stop by here frequently when I am on my way to work for breakfast. The drive thru is fast but they do tend to get the order wrong. But I will say that I have had more free meals here due to them comping me for all messed up orders. \n\nThe staff is friendly.
R0069,yelp,row16083,3,neutral,115,"A decent spot to eat at. Our waitress wasn't as fast as she could have been considering it wasn't packed. Most of the food was tasty especially the molcajete but we had three complaints that kept coming up around the table. The fish was very sub-par, over cooked, and over seasoned. The rice was a little soggy and it was very tasteless, it was almost hard to eat to be honest. To finish it off the salsa was very watery and it felt like it was missing something. All In all, it was an alright spot I doubt we will be going back considering the long drive but I wouldn't count it out for good."
R0070,yelp,row12471,5,positive,64,"This is a local chain of oil change shops that blows away the national chains. They are fast, courteous, and do good work without trying to sell you a bunch of crap you don't need. Additionally, they treat female customers with respect.\n\nTheir prices are lower than their competitors, yet the overall value that they deliver is much higher. I cannot recommend this business enough."
R0071,yelp,row16898,1,negative,100,"I tried to order to go from this place. The phone rang and rang and rang, when someone finally did pick up they put me on hold until the line disconnected. I called back and had the exact same thing happen. We figured they were just busy and decided to drive there to get to go. There was only ONE car in the parking lot. And the place looked like a total dump, like cockroaches in the kitchen dump. \n\nForget this place. There is no excuse for not taking a phone order when there is no one in your restaurant."
R0072,yelp,row14292,1,negative,25,"Bad service, no bread, no drink refill , took 45min to get our first drink:( ouch , used to love this place but service sucks"
R0073,yelp,row16895,5,positive,43,there food is aalways fresh i have been comming here since i can remember they have just gotten new managers and everything seems awesome the price range is awesome thier redoing the inside great thieft protection the best food better than pei wei
R0074,yelp,row19598,1,negative,29,"If you are Coming here because the sushi, go somewhere else.\nNot much options on the menu and sloppy sushi.\nWhat they call specials, it's is a regular option anywhere else."
R0075,yelp,row10421,1,negative,73,"This is where you go when you want to:\n\nA) See what it's like to have time stand still in the drive thru\nB) Wait soooooo long that you end up qualifying for AARP\nC) Get food poisoning, (assuming you waited long enough to get the food)\nD) Feel embarrassed because you wait soooo long in line that the entire town has passed by at least once and seen you waiting for your gastrointestinal beat down. \n\nAwesome!"
R0076,yelp,row5329,2,negative,41,Update # 3...OK we went for our 'great experience'. It was ok. Massages themselves were good-to-great. Nothing else was improved. No follow-up from the manager considering the situation. I promise you that you can find something better to do with $175.
R0077,yelp,row4426,2,negative,99,"Some people go crazy over this location, me, I just go crazy because of this location.\n\nI hate it, from the congestion in the parking lot to the congestion in every single aisle inside the store. People are correct that this place has a larger selection of products, but forget your conventional set up for a grocery store. You would think with this being a Market District. It would be an easy endeavor.\n\nThis location is a place that I would visit for only one thing, definitely not a place I would regularly stop at, unless I lived within walking distance."
R0078,yelp,row4260,3,neutral,98,"Overall, I like Elbow Room. Food is definitely hit or miss. Here's what I've learned: Avoid any sort of seafood! There is an excellent selection of burgers and they are very customizable. The salads here are better than the average entree salad at other establishments. Desserts, made in-house from scratch, are delicious and enough for two people to split. But what keeps me coming back to Elbow Room is their late night (after 9PM) $5 martini specials. Combined with the ambiance, it's okay to feel classy. Definitely a nice getaway from most of the pubs that line Walnut."
R0079,yelp,row6177,3,neutral,75,"Overrated. Food just OK. I had the grilled salad to start. Nice smoky flavor, but mostly kale and radish with some pumpkin seeds. Nothing I would get again. I had the fish special which was blackened Mahi on spicy chili flavored rice. Just fair. I had the pecan pie desert which was not that good. I wouldn't go back. I wouldn't recommend this place or their food. Also overpriced for the boring food I had."
R0080,yelp,row19034,1,negative,45,"I am a longtime shopper at buffalo exchange and I must say, this location is terrible. Staff is unfriendly, selection is awful & they never seem to buy any of the quality clothing that I bring in. I am done shopping here, completely over it."
R0081,yelp,row11257,3,neutral,41,"They're not bad. The steaks are pretty good. The staff is usually good. I've had a few problems, but not enough to hate the place. Just enough to come less frequently. I love their appetizers. The drinks are usually over priced."
R0082,yelp,row17911,4,positive,77,"Online scheduling made my life way easier, and they called to confirm my requested time as well as the day before to make sure I was still able to make it. The check in process was very easy and efficient. They noticed how nervous my pup was and let us use a private waiting room while the vet tech prepared for his exam. Vet was friendly and seemed to genuinely care about Civ. Will definitely go back."
R0083,yelp,row12138,2,negative,51,"I've eaten here three times over the past 5 years and I've been disappointed each time. Sometimes it's because they mess up my orders, sometimes it's because the food is just underwhelming or simply not fresh. I know people who like this place a lot, so perhaps I am just unlucky."
R0084,yelp,row8550,5,positive,63,I love this church b/c the pastor is biblically accurate and the worship is very moving and that God is moving in this church. Life groups are awesome and the people are very friendly. God has his hand on this church and seeing it grow the way it has in the past few years is the reason that God has blessed this church.
R0085,yelp,row3064,3,neutral,67,"I stayed here for a 2 day conference and was not overly impressed by the hotel. Westin has established a name for itself, but this hotel fell short. The service was wonderful, pool and fitness room above average, and the location was prime, but the hotel rooms are in need of updating and renovations. \nIf I was paying for this trip, I would have been very disappointed."
R0086,yelp,row19372,3,neutral,21,The food here is just good not great. Pricing is great for the large portions of food. Overall a good experience.
R0087,yelp,row1903,4,positive,115,We were looking for food late night on Thursday and nothing was open. Since we were staying at spring hill suites we thought we'd give it a try. We were afraid it would be expensive. \n\nFlipped menu to sandwiches. Had a burger or turkey burger or hot dog or chicken sandwich with side for $9-10.\n\nWe thought that was good and we had no other late night options. Food came out hot and fresh. My chicken sandwich was grilled nicely with plenty of juice left in. Homemade chips as side.\n\nPlace was large and clean. Pirates out of town so we walked right in at 10am on a Thursday night. Full bar but we didn't order anything.
R0088,yelp,row12221,3,neutral,21,Fair is stretching it. The ribeye was a low grade supermarket cut. Not on my list to revisit in the future!
R0089,yelp,row19743,4,positive,25,"Good food. Excellent service. Little pricey for the quality, but the atmosphere totally makes up for that. Be prepared to share a meal. Huge servings!"
R0090,yelp,row15594,5,positive,63,"Sheer deliciousness! Had the sunrise... It was in a biscuit, absolutely delightful, very filling and superbly made.\nTo add to that, the atmosphere is relaxed and laid back, and the experience is very different from the normal fare.\n\nThe staff was pretty friendly and checked on us several times. (I guess it helps that you add the gratuity while ordering+paying, instead of after the meal?)"
R0091,yelp,row3992,4,positive,63,"Great coffee house in a great neighborhood. I really like the 'quiet room' in the back, the fireplace, and the numerous electrical outlets. Great clientele, and while yes, I've had a couple of odd moments with the baristas, I've also met some really cool ones. And what do you think this is? Starbucks? Of course they give you a little attitude. No \""flair\"""
R0092,yelp,row13010,3,neutral,20,"Not so bad, and definitely not traditional bar food. That said, we opt for better food in the downtown area."
R0093,yelp,row17318,3,neutral,104,"Three and a half stars. \n\nI feel for this place as the light rail construction has made it damn near impossible to even try to drop in here. In the days before the light rail destroyed Central Avenue I would come here from time to time, and it was always ok. Not especially good or bad, just ok.\n\nBeers are expensive but they have a good selection of foreigns to test out. What is mildly discouraging is that even the domestics are overpriced.\n\nThey occassionally host cool events or concerts here and I highly recommend dropping in on days like those, but aside from that, whatever."
R0094,yelp,row15793,3,neutral,89,"This cutie pie cottage restaurant serves up high quality lunch fare at a reasonable price. It's a great soup, salad, sandwich kind of place for ladies who lunch.... there's the rub. The place is tiny and the wait is ridiculous, even if you try to beat the crowd by going early. And the veggie sandwich isn't very good. But other things on the menu are. If you do have 2 hours for lunch and come here, be sure to get a cookie. The cookies alone are worth the wait."
R0095,yelp,row16201,5,positive,28,Absolutely stunning a great place to go for a good feel of Arizone. We were there for the Chili + Chocalate fair. Lots of walking so go prepared.
R0096,yelp,row1789,2,negative,98,"Have mixed Vincent's. My meal was good (spicy pasta) but service was spotty. Another in the party had the homemade gnocchi and it was not good at all, \""tastes like dishwater\"", was the quote. Naw, that couldn't happen to homemade gnocchi, after a taste, I agreed! Just goes to show, it depends on what you order.\n\nOh yea, the parking lot, very big but some customers parked in the entrance on both sides to make it one lane and of course when we were leaving we noticed that one guy was taping his car where it had be hit."
R0097,yelp,row9538,1,negative,92,"Some of the worst customer service we've ever encountered. We've been \""next\"" on the list for 45m. Understandable that it's a friday night, but of the 6 people on staff, 3 were flirting with people (no joke, I saw numbers exchanged, and not for Verizon purposes) and the other three were hiding in the back. As we left, I said to the manager, \""remove us from your list, we're leaving.\"" She says \""okay sorry,\"" not apologetically, but reflexively. Verizon is going to lose customers for this. Do not go to this location."
R0098,yelp,row10507,3,neutral,26,All excited about the tostadas. When I received them they were ice cold. The only reason for the three stars was the service was super friendly.
R0099,yelp,row2073,4,positive,45,Update. Went to a different location. Non-smoking location. Got pastrami this time instead of the bland sausage. Added a fried egg to the sandwich as well. I forgot how huge this thing was. I could only eat half. I am now a fan of Primanti's.
R0100,yelp,row10242,1,negative,41,"I order it for my employees occasionally. The pizza is what you expect, nothing better than OK. They throw on an extra $1.50 for delivery charge and the drivers tell us that most goes directly to the managers pockets. That Sucks."
R0101,yelp,row8766,3,neutral,73,This YMCA is very easily missed if you do not have a GPS system. It is tucked away from eyesight off of Albemarle Road. The parking lot is very awkward and uneven to me. This area has a lot of involvement with children from what i have noticed on my regular visits. The weight room is small but it has a lot of free weights to use if your use to lifting weights.
R0102,yelp,row5939,2,negative,98,"Wow, I've been here a total of 2 times and both times I've confirmed one thing. This really isn't somewhere I want to be. Very young crowd normally in here and I've equated bulls in bars to be something that just doesn't sit well with seeking a more mature crowd. But I highly doubt the owners of BAR really care because the place does get packed and the youngin's there seem to really love the place.\n\nThe music they play seems to be a good mix, they go through a cycle of typical club hits and some 70's throwback."
R0103,yelp,row7831,5,positive,76,"This place is huge, I feel like I'm at some kind of mall or something. It's by far the nicest and newest looking airport I've been to. Didn't mind being stuck in this nice airport for an hour or so. Got a little treat at Pinkberry and walked around. There are plenty of shops and restaurants and I never had a problem with finding anything or getting to or on my plane. Oh, and very clean!"
R0104,yelp,row17211,4,positive,81,"Very gourmet sandwhiches. You have to go here to see what the sandwhich of the day is. Excpect to pay about 10$+ for a sandwhich, but it will be good and different from what your normally used to. All fresh ingrediants are used and change from day to day. Its all outdoor seating or take it to go. Dont be surprised if there is a line out of the door. It gets a little crazy at lunch time so go early!"
R0105,yelp,row19036,2,negative,61,I wish i could give higher rating. Not comparable to buffalo exchange in alb. Nm. The women there usually are very sparse in choosey with the clothes. I have brought true religion jeans they turned down. 200 + jeans in perfect condition. I say go to other stores that buy sell trade. They might offer more. They did for me. $$$
R0106,yelp,row3425,3,neutral,32,Rittes is a classic old style diner in the Shadyside neighborhood of Pittsburgh. It has great diner food and of course great breakfast.\n\nIt has been a well know sober-up place for years.
R0107,yelp,row6305,3,neutral,25,Average pizza at best and sub-par appetizers. Decent beer specials are only upside. Walk across the street and eat at Fuel for some real pizza.
R0108,yelp,row7464,5,positive,51,"On a recent visit I had the duck which was tender enough to cut with a fork and extremely well flavored. The spinach and parmasean soup was out of this world! A fanastic find and very enjoyable atmoshpere. Resonably priced wine and good service make this a \""I'll be back\"" restaurant."
R0109,yelp,row410,2,negative,21,Service an atmosphere was great. I had the shrimp boil and it was very under-seasoned. Much closer to bland than anything.
R0110,yelp,row16952,1,negative,27,Two of the the soups look like they've been sitting there all day your server never even greets you or gets anything for you so why tip?
R0111,yelp,row27,1,negative,71,"Last summer I had an appointment to get new tires and had to wait a super long time. I also went in this week for them to fix a minor problem with a tire they put on. They \""fixed\"" it for free, and the very next morning I had the same issue. I called to complain, and the \""manager\"" didn't even apologize!!! So frustrated. Never going back. They seem overpriced, too."
R0112,yelp,row611,5,positive,22,"Best coffee in Pittsburgh, without a doubt. Believe the hype. I've been going here for years, and every visit is a pleasure."
R0113,yelp,row13,4,positive,73,"I drove by yesterday to get a sneak peak. It re-opens on July 14th and I can't wait to take my kids. The new range looks amazing. The entire range appears to be turf, which may or many not help your game, but it looks really nice. The tee boxes look state of the art and the club house looks like something you'll see on a newer course. Can't wait to experience it!"
R0114,yelp,row6260,3,neutral,50,came in here and sat at the bar only because they had open spots during panthers playoff weekend. Never thought i would be doing panther shots in a deli. But it served its purpose. We didnt eat but bartenders were nice enough. Drinks are a little pricey for plastic cups.
R0115,yelp,row4338,3,neutral,95,"I must be jaded since I came from Boston where the Bakeries are excellent. I heard through the grape vine that the roasted almond torte was excellent so we bought some and brought it home. The salty sweet toasted almond coating was excellent, but the fluffy cake with some type of pudding between the layers was mediocre at best. I hate it when bakeries make awful cake because it seems to me that is an easy item to get right. I will give them another chance but so far I would say they are average."
R0116,yelp,row9811,5,positive,82,"I felt compelled to give this place 5 stars because there are a bunch of \""reviewers\"" giving it lesser stars for the dumbest reason. Sorry, they don't have shrimp burritos. Sorry, this isn't a sit down resturant. Its a take out place. This doesn't take away from the fact that this place makes the best burritos I've ever had. It is all fresh ingrediants. It is a fantastic place for lunch. \n\nBTW have a brain when you write a review on here."
R0117,yelp,row2276,4,positive,22,"Not as good as Wholeys but awesome patio and the best service. Go here for the atmosphere, the staff is the best."
R0118,yelp,row12757,2,negative,66,"I don't know. This place seems a little tragic to me; the self-consciously arty vibe inside and the affected hipsters behind the counter are aggressively mannered, but also a little frayed around the edges. It's like a very good diorama of a coffee shop made by someone who has seen one in a movie or read about one in a book. The coffee is just ok."
R0119,yelp,row16878,1,negative,108,"This was the worst food and the worst service I've ever experienced! The food came out exactly 4 minutes after ordering. Was hard as a rock as they had over cooked what was already made. When we asked about other options the waiter told us maybe next time we just shouldn't order the chicken and walked away. It was only after we returned the dishes uneaten that the manager came and asked what we wanted. Additionally, upon receiving the check, the waiter yelled at us to not touch it as we tried to point out how to split the check. Would never step foot in that place again."
R0120,yelp,row11386,3,neutral,58,"Not a bad venue for large gatherings and group functions, such as weddings, reunions, and fund raisers. There are two floors - both offer great views of the lake; the staff is prompt and friendly - there's rarely a wait for drinks. The bathrooms, while small, are usually clean and serviceable. Plenty of parking in the outdoor lot."
R0121,yelp,row11369,4,positive,27,"Cheddar burger, check. Vanilla shake, check. Food coma, double check!!! This place is old school burgers, fries and shakes; and they are good at what they do!"
R0122,yelp,row6457,1,negative,40,"Don't bother going. Walked in very excited to enjoy a cigar & watch the game. No TV's! They said they didn't want to take away from their sports bar, which you can't smoke in. So I left. Horrible business model."
R0123,yelp,row18793,3,neutral,71,"I paid $26 dollars for two bagel sandwhiches with lox and the works. Highway robbery. They are good, don't get me wrong. But this is outrageous. At the most I can see maybe $7 or even $8 but my god.... Well it was delicious but I could easily just go to einstein bagels or all the rest and be just as happy, especially happy for my wallet, it smarts right now."
R0124,yelp,row4833,2,negative,20,Big hotel. Not bad. Bathrooms way too small I had to dry off outside the bathroom. Priceline for good rate.
R0125,yelp,row10180,4,positive,62,Absolutely the best club sandwich I have had in a looong time. I order it everytime I go and it has never been less than awesome. And it's priced really well. \n\nAnytime I've gone at night the crowd is a little rough looking and the music is too loud. But going in the early evening or for lunch usually works pretty well.
R0126,yelp,row3113,3,neutral,62,I ate here today for lunch and it was good. It is not a 4 Star restaurant by no means. They serve food on foam plates and give you plastic utensils. \n\nThe best thing about this place is the fact that they have good food at a very good price. I dont think you will find a better deal in The Market.
R0127,yelp,row7888,4,positive,92,"It's a big and busy airport with a lot of flights, so it's just logical that it has a lot of food everywhere, lots to choose from (having in mind it is an airport), some good, some not so much, for a quick snack or to dine in; a lot of people on the run and so it has a fair amount of annoying people and also so many friendly service faces if you have the right attitude.\nThis was my forth time in this airport and I have no complaints for it."
R0128,yelp,row5497,3,neutral,71,"Great sports bar with a ton of rooms - it's almost like a maze. Huge TVs everywhere, and you're never too far from a bar. They've also got pretty decent bar food. A few years ago a bunch of friends and I rented out the big room on the second floor, which was a fun place to hang out, and a perfect place for a big group of people to meet."
R0129,yelp,row8648,1,negative,27,not happy with this dealership because you cant reach anyone in service and it goes straight to the answering machine and then they never return your calls.
R0130,yelp,row14115,2,negative,56,"I started a new job and the bosses brought us here for lunch. It was ok. I got a lunch combo meal, but I didn't pay.\nThe service was really great but the food was not. Just kind of plain. \nIt's convenient to work, so I will probably be back, I just won't have very high expectations."
R0131,yelp,row7701,3,neutral,31,I was just here for a 95 minute layover. Ate at the food court. It was crowded for a Saturday!\n\nLooks like the airport could use a bit of modernization. Free Wi-Fi!
R0132,yelp,row19350,1,negative,24,Terrible salad as lettuce was wilted a bit. Steak was so filled with marbleing that it was ineatable. The cup of water was good.
R0133,yelp,row5095,3,neutral,82,"I think this is a great place to go when you have a large number of people but it is expensive. We had chicken parm (very good), fettucine alfredo (very good) and ravioli (good). The waitress was personable but a little too slow to refill glasses, bring wine, etc. \n\nThe room we were in was surprisingly quiet which was nice - we could all hear each other speak! I would go back with a large party - when I save some money!"
R0134,yelp,row10217,1,negative,83,"The room was fine, obviously outdated but it looks as though they are upgrading currently. The food on the other hand was overpriced and gross. Do yourself a favor and do not order room service. It looked as though it was prepared at a truck stop, nuked and then brought up to my room. I complained, they said sorry and that was it. No new food, no help from the front desk and still charged me for it. Platinum member service my butt."
R0135,yelp,row8027,1,negative,45,Sundays used to be all you can drink vodka for 10 dollar cover... After paying our cover they let us know that beginning this week vodka drinks are 2 dollars... Why would anyone come on Sunday if they're pouring 2 dollar glasses of cranberry juice?
R0136,yelp,row932,5,positive,52,"By far my favorite Pizza place in the east end. The buffalo chicken pizza here is fantastic, and very unique. I haven't been able to find anything even remotely approaches it in other cities. \n\nThe place is a bit pricey, but I feel its worth it. My go to pizza delivery place!"
R0137,yelp,row10427,1,negative,25,"This is the most amazingly slow drive through ever!!! Just 4 cars ahead of me and it took 1/2 hour!!! Never, ever go here. Ever!"
R0138,yelp,row12017,5,positive,72,"My favorite restaurant right around the university. \nPhenomenal gyros. I'd say I still hold Zorba's as the golden standard of gyros. \n\nI was there every Tuesday in college for Groovy Tuesday - $1 off gyros - and i was probably there at least one other meal each week. Quick, cheap, delicious. Can't get better than that.\n\nI have a gyro or two every time I'm back in Champaign. \nEveryone should eat more Zorba's!!"
R0139,yelp,row10648,1,negative,37,"I wish I could give this place no stars. The place was nasty, food had no flavor, desserts were freezer burnt, and the only thing good was the McDonald's we had after we left this place disappointed!"
R0140,yelp,row15173,3,neutral,94,"Pretty good yogurt. Its downtown so its a little big pricey but overall I would say its a good place to get dessert or a treat during your busy day. They update a new flavor pretty regularly. Today I had the carrot cake. What I like about them is they put the toppings in the middle and on top. So you don't get gipped! Like some other places. They also have smoothes and yogurt to go. \n\nThe place is very clean, the people are nice and dessert is good. Stop in for a treat!"
R0141,yelp,row5361,3,neutral,76,Very functional spot is what I would call this place. Located in Wells Fargo 3 on the way out to the Green or Aquavina. \n\nThey have a couple coffee varieties every day as well as muffins (YUM lemon poppyseed!!!) and store bought bagels. The prices are cheap and the service is friendly and quick. There are a few tables to chat or you can chat in the wide hall outside. They sell cereal too!!! How fun!
R0142,yelp,row12340,2,negative,99,"I have mixed feelings about Carmon's. I have only been there once, so I should probably give it another chance. While there I ordered the escargot appetizer - and they were very gritty (probably not their fault, but still not enjoyable). For dinner, I had some kind of ham crepe, and I thought it was horrible. I could not even eat it...and I am not the type of person to not eat my food! \n\nHowever, I am in LOVE with their dessert crepes - specifically the bananas foster crepe. It was absolutely amazing! I highly recommend ordering this item!"
R0143,yelp,row1324,3,neutral,82,The apple is decent if you live within walking distance but nothing to write home about. Average draft selection. Didn't get into bottles but found that the bartender that happened to be working was not overly friendly. Went for a happy hour and it was dead. Haven't been to the Apple in years but seems like a good place to meet friends and play darts all night. Smoker friendly. I couldn't tell the crowd that frequents it because it was so dead.
R0144,yelp,row13938,5,positive,78,"The best. I've had at least half the menu and everything is consistently excellent. Crab puffs are super filling and on point, gyoza is perfect, spring rolls rule. The panko fish is my go to; perfectly crisp, fresh and delicious every time. The chicken, whether in teriyaki or panko form, has a wonderful grilled flavor. Not to mention how affordable the prices are for what you're getting, this place is amazing. Service is always efficient and extremely friendly."
R0145,yelp,row1795,2,negative,23,Food is mediocre service is lousy. I'm sitting here right now and have been out of water and done eating for 20 min...
R0146,yelp,row10316,1,negative,119,The Nitty in Middleton seems to live off of its name recognition. The food is so-so at best. I had the premium Prarie Farms burger. To bad it was completely unseasoned. Toasting the bun on a $10 burger would've been a nice touch and would have added som texture. Why bother to pay for a premium products if they aren't properly prepared. I also think the menu is in the pricey side for basic so-so bar food. The choice of sides did yield a nice surprise - fresh asparagus spears. \n\nThis meal was a disappointment. There are few places that can pull off a decent burger. You want a great pub burger... Hit the Eastside - go to Players.
R0147,yelp,row1676,5,positive,47,"Amazing...\n\nThe owner of this establishment is honest, fair and skilled. I have a pair of leather boots that I had reconditioned at this establishment. My boots went from bad to great. Total cost, $7! \n\n$7 \n\nInsane value. Great place. I am so pleased places like this exist."
R0148,yelp,row1890,2,negative,78,"SoHo clearly relies on the Pirates crowd across the street, and Steelers and Pitt games. When there's a game, the place is packed. Other times, it doesn't seem so busy. The food has been OK. It's generally bar food, with an effort to be more. Execution is varied. \n\nTry the seasoned tuna sandwich with a side of parmesan risotto; just tell them how you want the tuna cooked because they don't seem to know and will overcook it."
R0149,yelp,row40,4,positive,45,"Great breakfast, good price. You might have to stand outside in line though, so I don't really recommend winter time to go. lol. Very friendly service, interesting coffee mugs. They have great deserts and such also. Bring your cash though as they dont' take cards."
R0150,yelp,row12833,4,positive,87,"I enjoyed their veggie burger. It came with a cajun remoulade - yum! The fries were just all right (part of my reason for the 4 stars). They had a decent selection of drinks (wine, beers, spirits). The location is a bit strange - sort of in a back alley. I almost missed it! But The prices were fine and the ambience was just what I expected for a Champaign Pub. It was a bit chilly inside, but then again it was 20 degrees out that night."
R0151,yelp,row14395,5,positive,44,Brought my car in last weekend for the supreme wash option. I have been going here for years...never a disappointment. My car looks like new and smells great every time. The employees are always courteous and pleasant. Try them and you will be hooked!
R0152,yelp,row10398,3,neutral,29,"Rating: 3.8\nShort description: Brewery\nPluses: Good beer, interesting building\nNegatives: Not the best price, Not the best service, need a better menu overall\nRecommendations: Decent enough if you like their beer styles."
R0153,yelp,row4369,3,neutral,62,"Jitters definitely has good coffee and ice cream, but as others noted, the service can be a little hit or miss. The ice cream here is hand made without any preservatives. The baked goods are from Prantl's, so they're localy sourced. In the fall and winter they have a good pumpkin spice latte.\n\nOne thing I noticed: theyhaven't updated their website in awhile."
R0154,yelp,row1958,5,positive,74,"We had our reception at The Pennsylvanian in Pittsburgh. Opening Night Caterers was our first choice and we were not disappointed!! From the first meeting, to the wonderful tasting, to the preparation and set up, to the big day, we could not have been more pleased with the service or the food. Everyone raved about it being the best wedding food ever! And the cake!! Delicious and beautiful. I would highly recommend to anyone!"
R0155,yelp,row3489,3,neutral,30,These burgers are good.\n\nThe bread they use on said burgers sucks.\n\nDark and not very clean.\n\nBacon blue burger though was worth the trip. I don't see myself going back very often.
R0156,yelp,row19838,2,negative,91,"This should be a four- or five-star place. But the service brings it down. The bagels are excellent, and there's nothing wrong with the food. But the staff leaves the coffee too long - it always tastes burnt / bitter / terrible (just go next door and get a Starbucks). They also take no interest in the cleanliness of the place - I have never seen someone come out and wipe down tables or sweep up debris. Staff turnover is high and competence is low; they tend to have an attitude."
R0157,yelp,row16468,5,positive,32,This hospital does more than you know for our community. Maricopa Medical Center delivers superior care to the uninsured and insured alike. This facility is involved in training new physicians and nurses.
R0158,yelp,row11402,3,neutral,48,"Note: I have only ordered delivery, and that I've ordered online.\n\nThat said, the pizza we've gotten from here has been consistently fresh, hot, and tasty. I think there's only been one time that I was disappointed with the consistency of the dough, hence three stars instead of four."
R0159,yelp,row9653,2,negative,53,It's really a place to watch sports have drinks. That's it didn't like the food there. It's probably cause its just meant for sports and drinks. Since I'm not a fan of either its definitely the wrong place for me. But for those who like drinks and sports this would be your spot!
R0160,yelp,row3072,2,negative,32,"Beautiful rooms, excellent meeting spaces. The beds are like clouds and the double shower head in the bathroom was amazing. \n\nHowever, the customer service lacks excellence and the WiFi is completely unreliable."
R0161,yelp,row12920,2,negative,100,"The only reason I've ever been to this hell hole is because I knew someone who worked there. You can see overweight sorority girls clumsily swinging around the \""poles\"" in the back bar while attempting to get the attention of one of the bartenders and dodge the puke on the floor.\n\nOne good thing is that the drinks are RIDICULOUSLY cheap. shots are $2, pitchers can be as low as $4. I would imagine that if you went there in the afternoon you could have an enjoyable happy hour on the patio, but don't go anywhere near this place after 10."
R0162,yelp,row11094,5,positive,32,"The burgers are amazing and ridiculously reasonable! The staff is friendly and attentive. The place is super clean! They do everything right at Players! Good drinks, great lunch specials and awesome service!"
R0163,yelp,row4085,2,negative,41,Went to Soba to celebrate my sons birthday. Quality of food was not at all what was expected for the price. We have eaten there several times in the past but not sure that we will be going back anytime soon.
R0164,yelp,row3099,2,negative,72,"Had an awful crab cake here with little crab in it but mostly lots of breading and filler.. Even the Phillips brand ones at Costco are better than most. And of course Eleven has the best ever. But anyways, hubby got a deep fried cod filet that was sandwiched between 2 hamburger buns, which was pretty decent fried fish while it was hot and crispy... But my crab cake was sadly unforgivable."
R0165,yelp,row5233,5,positive,87,"I came here initially seeking Sriracha, but unfortunately, this location did not carry it. The very handsome sales associate (near the computer stuff on 8/23) with the moist blue eyes and sandy hair was incredibly helpful to my friend and me. He searched other stores for Sriracha and skillfully wrote directions for us. I've never received directions as precise as those he gave us. This sales associate was exceptional and smelled really good. I highly recommend this location for its staff (but don't go here for Sriracha)."
R0166,yelp,row4824,4,positive,36,Food is bar food nothing great. But it is a good time. Karaoke was fun if you know your songs from the 70s and 80s. Fun crowd that just wants to sing and drink no drama
R0167,yelp,row17586,1,negative,32,"Lost my paperwork multiple times. Lost my DD214 which they were supposed to return after processing. Refused to take action on claim, until I had sent multiple letters to congress about claim."
R0168,yelp,row1586,3,neutral,39,"I think their beer selection is much more impressive than their hot dog selection. although, mac and cheese on a hot dog is a pretty amazing option. but really, come for the beer cave and you won't be disappointed."
R0169,yelp,row8126,3,neutral,113,"This place is huge and spacious, making it a perfect venue for large events as they serve food and drinks and it is very spread out......it has an upper level with pool tables and a bar but it's not as spacious but is perfect for people watching. That being said, this place gets very hot as the crowds pile in.....I mean they were passing out fans and towels for goodness sake.......now I'm not sure if that is a problem with the cooling system or what but for a natural chic with a blowout these are unacceptable conditions and conditions my hair cannot withstand for an extended period of time.......definitely not a good look."
R0170,yelp,row14302,3,neutral,33,"Very frequent customers, at least once a month. Great food, spotty service but will always go back for the Mizithra Cheese! Try to call ahead for a table, especially with a large party."
R0171,yelp,row2467,5,positive,79,"Easily the best espresso I have had in town. \n\nPrevious reviewers are correct - if you are used to the idea of a coffee shop that the local and national chains have given us, there really isn't room for that there. However, the coffee is second to none and for those of you that like to make your coffee at home, they do sell a wide selection of their beans at a reasonable price compared to other coffee shops."
R0172,yelp,row18203,5,positive,41,"I love the food here! The pizzas are second to none, the gold wings are incredible, and the pastas are amazing. To top it off, the service here is always awesome. I'm come here anytime I'm in the area. Five stars!!"
R0173,yelp,row13401,2,negative,40,"Overrated. Service was slow, food was mediocre and a bit pricey for the service/food you get. I had satay chicken and the meat was dry and the sauce was crumbly. Then I ordered the pad-see-ew and it was super salty."
R0174,yelp,row1283,3,neutral,118,"My goodness, that's a big burrito you serve! \n\nWe stumbled across Firewaters Sunday afternoon when we were both very hungry. My big draw was the Coca-Cola awning because I was dying for a diet coke. We grabbed a table outside with a pretty good view of the baseball stadium and a fantastic view of all the scalpers. \n\nWe ordered a medium burger that came out well and a veggie burrito which was eeee-normous. The fries were quite good and the burrito was pretty tasty. it's not for traditionalists, as the toritlla was more like a wrap, but I really liked it. They were generous with the beans and cheese. \n\nIt's was cheap and fast, a pretty good deal."
R0175,yelp,row11739,1,negative,22,no appt possible for detailing on weekends!!!!! this is how this business's advertising should read. always call ahead on weekends for detailing!!!!!!!
R0176,yelp,row4765,1,negative,27,"If you like waterlogged pasta, runny sauce and food that really is not that good, by all means eat here. \n\nWater is cold, so that's a plus."
R0177,yelp,row4356,5,positive,54,The cinnamon rolls are so good. They are almost half cream cheese icing which is delicious. Plan to be in a sugar coma afterward but its so worth it! The red velvet looked good but I felt too guilty to order more after ordering all five of the cinnamon rolls they had left :)
R0178,yelp,row6420,3,neutral,116,"Came here for lunch and we saw a waitress go by with a couple of huge pizzas and we asked what it was and she told us that it was the special: personal pizza with one topping for $4.99. When our waitress came over, we all ordered our own pizza. At that price, you can't go wrong! \n\nOur waitress was friendly and attentive, but the pizza took an awful long time to come out. We must have waited for about 30 minutes before the food finally came to our table. But once it came, we ate happily and no one could finish their whole pizza. Definitely worth the money if you have the time to wait."
R0179,yelp,row6067,2,negative,62,"If this is great Southern Food then I am a craw dad . The Okra was not fresh and rather tasteless , the fish special wasn't fresh and was small and the cabbage was mushy. I was married to a Mobile girl and this is not what I expected for Soul Food.. But it was cheap and the corn bread was excellent."
R0180,yelp,row8069,3,neutral,80,"This place is like Goodwill on steroids. They have new and used stuff in just about any category you can think of. They have furniture, housewares, jewelry, and definitely clothes. The clothes are what drew me here. They have designer brands, like DKNY and Abercrombie for a fraction of the price that they would have been in the regular store. It's definitely one to check out if you need a new look but don't' have a whole lot to spend."
R0181,yelp,row3047,3,neutral,117,"Our room wasn't ready at the 4:00 check-in (which should be a pretty basic goal for any hotel). However the manager made it right, we got 50 bucks off a comparable room, a couple of drink coupons for the bar, and some miles on the loyalty program.\nTypical hotel in a grand old building, beautiful lobby, rooms are a little frayed at the edges. But we love these places. A little pricey for what you get but overall a good stay.\nOne pet peeve is that like many hotels you pay $200-300 for a room and then you have to pay for a cup of coffee in the morning. Complementary coffee in the lobby is a really nice touch."
R0182,yelp,row4127,1,negative,33,Paid $1100 for the required course - party of 6 - and unfortunately did not come close to feeling satisfied in any regard - sorry guys - not a fan and way overpriced
R0183,yelp,row7433,3,neutral,40,"I love the girls at this particular location, always nice and helpful. The bank itself bothers me because it's so outdated and frankly, that gets annoying since their policies are outdated as well. I do love their change machine though!"
R0184,yelp,row15550,5,positive,36,"After leaving the hood when it was dangerous and not gentrified and full of urban/hipsters, I came back around, glad to see the same guys working there, they even recognized me. Same great prices and service."
R0185,yelp,row2616,3,neutral,48,"Great location and fun for drinks on a beautiful day. If their food quality was better it would be worth the price, because it's just OK at best. That's the only thing missing from this place which is too bad cuz other than the food I love it."
R0186,yelp,row7358,4,positive,82,"I've just had one alteration job done here -- three pairs of pants shortened, at $14 a pop. Which really seems fairly economical compared to having three pairs of expensive pants sitting in the closet because I can't wear them without stepping on the hems. They were fast and efficient, and the pants are the perfect length and break correctly on my leg, so I'll be happy wearing them. I plan to give them some more complicated work soon and will update."
R0187,yelp,row15146,2,negative,28,Awesome view. Good food. But horrible service. The restaurant had no more than 7 tables sat. There was a ton of employees working and service was still slow.
R0188,yelp,row19409,3,neutral,51,"After all our friends had told us to try out Texaz, we finally did. We both ordered, and it wasn't bad! What they forgot to mention to us was that they all had the chicken fried steaks and LOVED them. Guess we'll have to get that next time. Very friendly staff."
R0189,yelp,row10915,2,negative,40,"Just stayed here for one night and it was passable. It wasn't awesome, but it is well located and fairly clean. It's just a bit dated and tired looking. The staff is friendly, so it's got that going for it."
R0190,yelp,row2384,1,negative,116,"Arrived at 7:15 on a Saturday night, there was a 20 minute wait although although empty tables were visible. Got seated at 7:30, put order in shortly thereafter. We got bread and our soups fairly quickly then sat for an hour without any signs of food. We looked around the restraint and it was obvious other tables had been waiting and we're getting frustrated. The waitress apologized the kitchen was slow, so we gave it another 15 minutes before we finally walked out at 9:15 still hungry. The food I saw looked good, but I would never recommend this place. It doesn't take over an hour and a half to make a friggin salad and pasta."
R0191,yelp,row13005,3,neutral,53,"This place was ok for Champagne-Urbana. Stayed here for my cousins wedding. Rooms were spacious and the kitchenette was a plus as a serious lack of decent places to eat was evident. I don't plan on staying here again, but, then again, I don't plan on heading down to UC any time soon."
R0192,yelp,row7675,4,positive,99,"For a \""Small\"" airport, CDI sure does make a killing. It has to be one of the busiest airports on the east coast just because it services US Airways, like fo real.\n\nSome Drawbacks:\n-Only 3 security checkpoints\n-Continental's 2 gates are about the farthest from the checkpoint\n-Daily parking shuttle seems like it comes once every half hour.\nThat's about it.\n\nWhy I don't mind it:\n-Cheap daily parking\n-Delicious BBQ stand inside\n-Checkpoint lines tend to get long, but move real fast.\n-$25 cab ride from uptown.\n-Drive thru the hood to get there.\n\nCDI gets two thumbs up from this guy. Just move the continental gate closer please!!!!"
R0193,yelp,row7834,3,neutral,81,"CLT reminds me of what CVG used to be- huge, hub of a major carrier, lots of concourses, plenty of dining options and most importantly delayed flights. CVG was notorious for flights not leaving on time and since Delta moved it's hub to Detroit it is like a ghost town. \n\nAnyway I digress- As others have stated there is limited seating in the gate area and it seems like every seat is taken and the number of electric outlets are lacking."
R0194,yelp,row1716,4,positive,31,"Love the food, but we get take out to the office and every time its a bit of an ordeal. \n\nEat in. If you're planning on take out make it simple."
R0195,yelp,row2170,3,neutral,68,"Got a sandwich to go so I can't give a full review but when I ate it, the fries were soggy and SOO greasy. I had the bag in my purse and the grease leaked through and eventually broke the bag. Really want to eat in there next time since everyones sandwiches looked yummy.\n\nTheir vegetable soup was great! The people who work there are the best. Amazing service."
R0196,yelp,row651,2,negative,98,"Oh how the mighty have fallen. This place used to be good. Something happened and the wings are small dry and just generally bad. Since wings are supposed to be their thing this is pretty unacceptable.\n\nWriting this review makes me sad because it is a great place to drink beer and watch the game. The beer is reasonably priced but the food is just expensive for what it is. I essentially live across the street so I know I'll go back, but I hope some of these poor reviews will help them turn things around in the kitchen."
R0197,yelp,row6754,3,neutral,60,"I do miss working downtown since this is a nice spot to get some after work beverages (or 10). Very laid back, no frills atmosphere to this place with an eclectic menu so I am sure there is something everyone can find to eat here. Location, helpful staff, and tasty food/drinks makes me give this place a solid 3 stars."
R0198,yelp,row9652,4,positive,44,Great place to watch a game or just grab a good bite to eat. The prices are reasonable and the amount of food you get for the price is pretty good. I would suggest the wings and the cheese fries...the fries were rather awesome.
R0199,yelp,row7979,2,negative,65,"This airport has not evolved or grown to accommodate its business. Similar to PHL; it is over capacity at each gate, does not have enough power outlets (let alone designated power stations), and lack of hot food choices in each terminal make is a dismal place for a layover.\n\nI personally feel awkward with bathroom attendants present as well. I prefer not to have an audience."
R0200,yelp,row15417,1,negative,63,"after my delicious first wrap, i went in here again and got the alota fajita with beef.\n\nit was disgusting. i had two bites and spit the second one out. the beef was gritty and seasoned weird. the green peppers and onions were stringy and not nicely textured.\n\nmy salsa was watery and it had one huge tomato chunk it. the chips were STALE.\n\nwtf, mate?"
R0201,yelp,row208,3,neutral,69,"Little slow on the service and didn't have the beer I wanted on the menu. But you get those things when they brew their own beers on-site. But the stadium pretzels are good. The cream stout is tasty.\n\nThe burgers are good and big with the little skinny fries. I'm not a fan of the skinny fry, but hey the burgers would choke a horse - and almost did. :o)"
R0202,yelp,row16467,1,negative,81,Stay away from this medical center unless you have plenty of time and don't mind having your credit ruined. My insurance company paid them and I paid my copay for one office visit. So far I've wasted two hours proving the $100 office visit has been paid in full 8 months ago. They are now telling me I have 10 days to pay $206 (instead of the $100) or they will send this to collections. Anyone know of a good attorney?
R0203,yelp,row14997,2,negative,52,"The food was nothing more than mediocre for the price. Mediocre ribs (on the dry side), ginormous portions, and big prices to match. Tastes like a chain! And you pay for the theme.\n\nCan be decent for a gathering of the masses to watch a game, or a large party. Otherwise, I'd pass."
R0204,yelp,row18563,5,positive,77,"I had driven past schreiner's for ages and not realized that there was a meat store attached to their facility.\n\nWhat a gem! Best place to see locovores and Valley chef's on a daily basis.\n\nI pick up lunch meet charcuterie of salami's and pepperoni's sliced to order. \n\nSausages deliver a whole treat, with several choices ranging from breakfast (maple, fig, bacon) to dinner sausages and everything in between.\n\nBring a cooler and cash! You will want to load up."
R0205,yelp,row8540,3,neutral,71,"This store is ridiculous. They need to hire way more people. I was upstairs trying to find an employee to help for what it seemed as if it took donkey's years. I finally managed to locate someone who happen to be on the phone with someone else, for which I had to wait at least 15 minutes until I was helped. Customer service is a disaster. However the ambience/atmosphere is enjoyable."
R0206,yelp,row17794,5,positive,29,Sweet Tomatoes is the haven of all buffets. It's large and clean with helpful staff and excellent food. (Or so I've found at this location)\n\nI may go there now...
R0207,yelp,row11038,4,positive,56,"Hits: Tasty food, happy servers, bakery case, and custom blended coffee. \n\nMisses: Static menu...but there are specials and it is an iconic location so maybe things shouldn't change. \n\nHints: Have a cup of free coffee and enjoy some social time with friends while you wait for a table. \n\nBottom-line: Eat, drink good coffee, and be merry."
R0208,yelp,row1939,3,neutral,86,"Walking around downtown we stumbled into this place for a quick dinner. It was fairly empty and quiet (nice), our waiter was friendly, and the food was ok. We all got sushi, which was good. We had a delicious shrimp and balsamic appetizer, that didn't taste like balsamic, but was great none the less. The meal was not amazing, it was pricey as expected for a hotel lobby restaurant, and it met expectations. I wouldn't run back to this place, but I wouldn't run away, either."
R0209,yelp,row3462,2,negative,73,"It is definitely an experience. Located in not such a great part of town. Very old. Food is just ok, grease upon grease. Everything came out from the kitchen hot, but looked like it was all cooked in the same grease in the same pan. Waitresses do not make much of an effort. She was more concerned with eating her meal. Cashier was a breath of fresh air. She was chatty and nice."
R0210,yelp,row12600,2,negative,87,"She was great at explaining the process and seemed to really know what she was doing. The office is nice and very clean. However she didn't show up for our second appointment, or answer the phone, or even call me back. Come to think of it I don't think she ever even asked my name. I waited outside in freezing January for 15 minutes because you can't even enter the building unless she lets you in. Needless to say I was none too happy and gave up."
R0211,yelp,row15200,4,positive,66,"Delightfully impressed. \nGreat food for great prices. \n\nMy lunch favs are: \n-Chicken Picado Pita\n-Fresh fruit (not your ordinary fruit salad you get anywhere - you'll find slices of kiwi, mango, oranges, melon, grapes, strawberries)\n-To-die-for Hummus\n\nI take one star away for accessibility. With the new light rail and the one way streets, it's difficult to get to. You have to drive in the back alley to park."
R0212,yelp,row4838,3,neutral,39,"Pros: great place to host a event or special occasion, awesome cookies, clean, room service food good, and great price for a double tree 4 miles from downtown. \nCons: loud A/C bathrooms small, countertops low, outdated, bathtub needs changing"
R0213,yelp,row1556,1,negative,119,"I wish there were negative stars I could put for this place. One of the most unprofessional experiences I have ever had with a business owner, not even a worker. I was yelled at, mocked, and generally treated like crap for checking up on a remounting job that was supposed to be done within a week. Emotional mess the rest of the day. I have never been treated that way with any owner of a business. I work with restaurant owners for god's sake! Unbelievable. If you want the full story, email me and I will tell you the whole thing. As it is right now, DO NOT patronize this business. There was absolutely no excuse for his attitude."
R0214,yelp,row13850,5,positive,35,"Wow, went here with a buddy of mine. He's a local and kept telling me how good it was. And, I was not disappointed in the least. You will not go wrong with this place!!!"
R0215,yelp,row17073,5,positive,20,these guys have been doing it proper since day one. best customer service and best selection of boards and gear.
R0216,yelp,row16085,5,positive,22,"Excellent food & friendly service! We will definitely be back! The guac is amazing by the way, definitely a must try starter."
R0217,yelp,row14459,2,negative,92,"Just didn't feel like making dinner tonite, and wanted something quick, yummy and good for me.\n\nI noticed Zoes on my drive home and decided to stop in and check it out. The food was pretty good! I got the grilled chicken platter with a side of rice. I left feeling full (but like the good kind, not the \""on my God I'm gonna pass out\"" kind ;) and satisfied!\n\nI gave it 2 stars because it is kinda generic and there are so many hidden gems to keep an eye out for.\n\n:) Enjoy!"
R0218,yelp,row9101,4,positive,94,"I usually go here after the gym for a quick snack. They have bulk salted almonds and chocolate coconut water that is great to tide me over before dinner. \n\nFresh Market also has good options for dinner. They have several different types of chicken roll ups including chicken cordon blue, Parmesan chicken, etc. When they go on sale for 2/$6 it makes a great quick, cheap, and easy dinner option. \n\nThey have many new things to try, and are not that expensive. The cashiers are normally very friendly and I like the store setup."
R0219,yelp,row19267,2,negative,82,"I've had it with these folks. Tired of my dress shirts coming back with machine marks or \""sorry, but this stain won't come out\"" notes (that I then easily remove with Spray & Wash and a spin in our washing machine). I've never had these problems anywhere else, but I get it from Rainbow every 2nd or 3rd time I send a batch of shirts. Decent enough service & speed, but they just can't seem to get the cleaning right. I'm done."
R0220,yelp,row9952,1,negative,23,Food and decor are horrific. Only redeeming factor is its location; well that and the fact that it's closed 8 hours a day.....
R0221,yelp,row8629,1,negative,77,I would hardly call this place a spa. They were extremely overcrowded and the utensils were not sanitized properly. The employees were rude (probably because they have so many clients at once). While getting my pedicure I noticed one of the 'clean' towels being used on me had hair on it. The girl who ended up doing my nails was sweet and I am fairly pleased with the job she did but I would not go back.
R0222,yelp,row2171,4,positive,97,"I heard this place stacks fries and cole slaw onto your sandwich so I gotta try it. I ordered the drunk duck drink and it was fantastic. I got to keep the little rubber ducky on top of my drink too :) As for the sandwich, I got the deluxe double egg and cheese. The portion was HUGE and very messy! More messy than boogers coming out from a runny nose. The sandwich I got was really good and filling. I would recommend this place for visitors from afar and who happens to be in the neighborhood."
R0223,yelp,row16682,1,negative,44,"Yes, the reviews are right.\n\n1) Hotel needs updated\n2) Shuttle is slow, took me an hour to get to the hotel because of a \""shift change\"". One guy was waiting at the hotel so long he missed his flight\n3) Fitness room is lacking at best"
R0224,yelp,row9327,3,neutral,105,"Salsa's has been at this location for a long time. I believe they just changed the name to Cabo's. The remodeled and added a stage for live entertainment. I have been there several times. I have discovered that branching out from the standard taco/enchilada/burrito is the way to go here. I really like the Chile a la Mexicana, and the Tacos al Carbon. Their chips and salsa is ok I like a spicier salsa. \nTheir service is good. They have a brunch on Sunday, I was not impressed with that. They have decent margaritas and cold beers. I will go back, and do recommend it."
R0225,yelp,row10229,1,negative,104,"First night not so great. Immediately apparently means 30 minutes later AFTER you call again to the front desk. No one in the room next to me, alarm clock goes off. After waiting 10 minutes, and then knocking on door with no response, call front desk and am told it will be taken care of immediately. Waited 30 minutes, and called back. Then someone came up to take of it.\nIt been a bad day, and this is an excellent end to it.\n3 more nights to go, woo hop!\nAmbiance C\nCleanliness C (generally grungy everywhere)\nCustomer Service D\n(Only selected 1 star because I couldn't post with none)"
R0226,yelp,row5033,3,neutral,98,"I had a 60 day free membership to be Bj's, the only reason I even went in there. Let me state that I have been a member of Costco for over 12yrs,do I do have a bias towards Costco over Sams club or bj' s, but I figured I'd try it. First, the selection in fruits and vegetables was horrible, one of my favorite areas in Costco.... The selection in other areas such as clothing was NOT impressive. Overall, a waste of my time even trying them. There is a reason Costco is the #1 wholesale warehouse site..."
R0227,yelp,row266,5,positive,45,"This is easily one of the best Giant Eagles I've ever been to. Huge. Very nice selection. Easily comparable to Whole Foods. Went to their cheese market, and was pleasantly surprised with the selection. I got Beemster Vlaskas, an amazing Gouda. Very large parking lot."
R0228,yelp,row4230,3,neutral,110,"X Shadyside is a no frills type of gym (no pool, sauna and hot tub) but gets the job done. They just revamped the entire first floor with more workout machines and weights. A downside of the renovation is that there are less tv channels to choose from (no more Bravo). The staff is incredibly friendly and helpful; and the bathrooms are kept clean (what more can you ask for?).\n\nThe convenience of being able to walk to X Shadyside especially in the winter and their flexible hours are huge pluses so I'm okay with the monthly price that I am paying.\n\nI am looking forward to Planet Smoothie opening next door."
R0229,yelp,row770,2,negative,86,"I am a big fan of the Whole Foods company in general. The store back home (Omaha) had a wine bar, espresso bar, gelato, sushi and udon stand, a GIANT cheese counter where you could sample...I could go on.\n\nThe Pittsburgh Whole Foods is small, and almost as overcrowded as its parking lot. Two-thirds of the time they are out of what I came for. I'm sorry, but if I'm paying THAT much for groceries, I want a stellar shopping experience. This WF is mediocre at best."
R0230,yelp,row13477,2,negative,70,This probably the worst grocery store I've ever been to. It's constantly packed with usually only 2 cashiers helping patrons and as soon as you walk in it honestly smells like crap. I gave it 2 stars because at least the deli people have always been friendly and there isn't much for grocery stores in the downtown area. If you can avoid shopping here do it you won't regret it
R0231,yelp,row5640,3,neutral,110,"Location, location, location is the number one rule when picking a spot to stay. This is in a great spot in downtown or as the people of char would say \""uptown\"". The parking is in a garage below the hotel and runs $20/night which is steep. The bedding and rooms @ Marriott are comfy and clean. My biggest gripe w this Marriott is with the scent that is used. The scent is in the hallways and in the rooms. I don't know what it is but it reminds me of an elderly persons home. It has a funky smell. I expect 4 stars w Marriotts and this one gets 3."
R0232,yelp,row1623,4,positive,112,"Last night was my first time at D's. The beer cave was amazing! I'm not a fan of beer but can appreciate a vast selection. I went straight for the cider. The lively energy of this place was incontestable. No frills, down-to-earth place where you can kick it back with a beer (or in my case a cider) and enjoy company with friends. It was a perfect ending to our movie night at the Regent Square Theater. With smiles planted on our faces after watching a dark comedy, going to D's only extended our happy mood. Before leaving I went back to the beer cave for more cider. Good stuff, good stuff!"
R0233,yelp,row2721,2,negative,78,"Cheap, everyone seems to say that. And it's true. But I wasn't feeling it here.\n\nI for one did not want to dig through the dirty to find the golden product. I know it's in the strip, but I didn't appreciate the amount of bugs flying around me as I was browsing the produce. \n\nThis will probably be a place I just walk by the next time I'm in the strip. I did not enjoy it here at all."
R0234,yelp,row19051,4,positive,67,"We live 5 mins away and we've driven by sooo many times, but we've never been in. Let me say that I am so glad we corrected our mistake. We stopped in to order the 14' cheese pizza and it was wonderful! It was as close to pizza from NY without going to the NYC. They also have a great 2 pizza slice and drink lunch special."
R0235,yelp,row5641,3,neutral,105,"What's good: tall hotels! Love em. Some nice view of uptown CLT. The fitness room is spacious and always empty...The folks are friendly to the point of ALMOST fawning, but not quite...parking deck is below the hotel and easy to get to.\n\nThe not so good: my room was an adjoining room, so I can hear the coughing, shuffling, talking and flushing of my neighbor next door. I can't imagine what he's hearing of me...\n\nThe perplexing: someone on a megaphone at 2am shouting something on the streets of CLT. No no no no no no no. I cannot do that....The Hooters across the street. Classy, uptown."
R0236,yelp,row8229,3,neutral,51,"Service is excellent. Every time. Food is just ok. The brisket is totally juicy and fabulous but everything else I have had there is just ok. They have a gluten free menu which is nice. Honestly though I just go back because its convenient, They need some more exciting menu items....."
R0237,yelp,row14943,3,neutral,35,"Fun place to go with friends for the first time. Had to try the 22\"" hot dog. Friendly staff and lively atmosphere. Good location, right behind arena and close to hotels. Came, saw, and conquered..."
R0238,yelp,row17663,5,positive,48,"I absolutely LOVE this place! I've been eating here for over a decade now and it NEVER fails me. Consistant, friendly, and incredible food! Everything from the breakfast bagel, to the chicken salad sandwich, to the potato salad. If I lived closer, i'd eat here twice a week."
R0239,yelp,row16107,5,positive,99,"I love this place! Great for kids because they have activities for them and in the spring the butterfly garden is teeming with life. Always have a something great on exhibit. Being a member there myself, I know there are a lot, no, a ton of classes and walks and guides there almost daily. Classes from the arts to landscape design. \n\nThe experience is never the same there on the trails and in the exhibits, which is what makes it so fun. You really have to go there and walk the trails and hear the jazz played at night!"
R0240,yelp,row9708,1,negative,32,Lousy over zealous life grds. Won't even let you float on your back. Lifeguards are power monger idiots here! I was a 10 year lifeguard and they are not trained or professional.
R0241,yelp,row7667,3,neutral,43,"Bathrooms smell bad but there's free wifi. \n\nFood options are ok, I got a bagel w/ egg & cheese for $5.\n\nLooks like an older airport. Lots of old, white, Southern people. The free wifi made me happy, will not mind flying through again."
R0242,yelp,row19837,3,neutral,79,"There are several locations and there can be a huge differnce in product quality and service from one to the next. The 16th Street & Camleback location makes the absolute best chipotle turkey wrap (and I've tried it at four different locations). They layer the turkey, cheese and lettuce so that you don't bite into big chunks of any one but get all the flavors in each bite. For $7 you definitely get a lot of good, fresh food."
R0243,yelp,row14060,2,negative,31,"Tried this place for lunch, had the chicken burro and have to agree with the other reviewers. I wouldn't recommend Matador and am still baffled that it was packed at lunchtime."
R0244,yelp,row18939,1,negative,100,"This place use to be nice to eat at. Now it's a dive! The restaurant is filthy, I got a water glass with Lipstick on it and our coffee cups had dried cranberry juice on it.\n\nI've been there multiple times thinking \""it's just an off day\"", The last time I went there was a week ago when a friend was visiting from Palm Springs and I have to say, I was embarrassed after taking him there! They got his order wrong, our dishes were dirty and the waitress seemed annoyed that we even mentioned it.\n\nI will never go there again."
R0245,yelp,row6139,4,positive,103,"Say hello to amazing food and say goodbye to a little weight out of your wallet. The food here is simply amazing. I always start with the Mimosa tea - lemonade and tea mix.\n\nWhere to start? The appetizers are great, lunch and dinner fantastic.. desserts.. well I.. I want seconds or thirds of their desserts more so than the meal itself. \n\nWhen the weather is nice, sit outside. The decor on the inside is stunning - good for a group or a date night on the Uptown. \n\nLunch specials are around $11-12. Without alcohol, dinner for three can easily dip into the $80-$100."
R0246,yelp,row7851,3,neutral,37,"Design isn't very nice, just getting a little dated. But the airport was pleasant and very functional. My trip was very smooth through this airport. And I like the Sprinter which runs from the airport to Uptown."
R0247,yelp,row18191,1,negative,86,Not so great. The hot wings were not good. The flavor was bland and had hardley any sauce. I had the stuffed numero one-o that tasted very bland and had too much cheese so it melted on my plate. The person next to me had the thin crust which looked pretty good. The wait was extremely long which eould have been okay if food had been worth it. On top of it all it was a little pricy for pizza. I would not recommend this place.
R0248,yelp,row6878,4,positive,65,"What a fun time at scarowinds! You can tell they put a lot of effort into it and nothing beats being at a park at night. Only problem I had was only you couldn't find anyone selling hot chocolate and no one knew where you could. 45 degrees outside and no hot drinks for sale? Need some work on that, but otherwise a great time."
R0249,yelp,row853,5,positive,36,"My absolutely favorite dish is the potato gnocchi. Just amazing! Service is fantastic, nice decor. I wish they wouldn't use such huge paper towels in the bathroom, but other than that I really like this place."
R0250,yelp,row14453,4,positive,39,"I really love the chicken and tuna salad. Goes very nicely with their sweet tea. Good sevice and good salads, and an overall trendy and upbeat atmosphere. I would recommend it definately. Plus the staff is eally nice too."
