model,review_id,prompt_id,condition,region,gender,sub_region,predicted_label,score,self_consistency,n_valid_runs,ground_truth_label,ground_truth_score,correct,stars,source
mock,R0001,R0001_none,none,none,none,none,negative,-1,1.0,1,negative,-1,1,2,yelp
mock,R0002,R0002_none,none,none,none,none,positive,1,1.0,1,negative,-1,0,1,yelp
mock,R0003,R0003_none,none,none,none,none,neutral,0,1.0,1,neutral,0,1,3,yelp
mock,R0004,R0004_none,none,none,none,none,negative,-1,1.0,1,positive,1,0,4,yelp
mock,R0005,R0005_none,none,none,none,none,positive,1,1.0,1,neutral,0,0,3,yelp
mock,R0006,R0006_none,none,none,none,none,neutral,0,1.0,1,negative,-1,0,1,yelp
mock,R0007,R0007_none,none,none,none,none,negative,-1,1.0,1,negative,-1,1,2,yelp
mock,R0008,R0008_none,none,none,none,none,negative,-1,1.0,1,negative,-1,1,2,yelp
mock,R0009,R0009_none,none,none,none,none,negative,-1,1.0,1,neutral,0,0,3,yelp
mock,R0010,R0010_none,none,none,none,none,negative,-1,1.0,1,positive,1,0,4,yelp
mock,R0011,R0011_none,none,none,none,none,negative,-1,1.0,1,positive,1,0,4,yelp
mock,R0012,R0012_none,none,none,none,none,positive,1,1.0,1,neutral,0,0,3,yelp
mock,R0013,R0013_none,none,none,none,none,positive,1,1.0,1,neutral,0,0,3,yelp
mock,R0014,R0014_none,none,none,none,none,negative,-1,1.0,1,neutral,0,0,3,yelp
mock,R0015,R0015_none,none,none,none,none,positive,1,1.0,1,neutral,0,0,3,yelp
mock,R0016,R0016_none,none,none,none,none,positive,1,1.0,1,neutral,0,0,3,yelp
mock,R0017,R0017_none,none,none,none,none,positive,1,1.0,1,neutral,0,0,3,yelp
mock,R0018,R0018_none,none,none,none,none,negative,-1,1.0,1,neutral,0,0,3,yelp
mock,R0019,R0019_none,none,none,none,none,negative,-1,1.0,1,neutral,0,0,3,yelp
mock,R0020,R0020_none,none,none,none,none,neutral,0,1.0,1,neutral,0,1,3,yelp
qwen-qwen2-5-3b-instruct,R0001,R0001_none,none,none,none,none,negative,-1,1.0,1,negative,-1,1,2,yelp
qwen-qwen2-5-3b-instruct,R0002,R0002_none,none,none,none,none,negative,-1,1.0,1,negative,-1,1,1,yelp
qwen-qwen2-5-3b-instruct,R0003,R0003_none,none,none,none,none,negative,-1,1.0,1,neutral,0,0,3,yelp
qwen-qwen2-5-3b-instruct,R0004,R0004_none,none,none,none,none,positive,1,1.0,1,positive,1,1,4,yelp
qwen-qwen2-5-3b-instruct,R0005,R0005_none,none,none,none,none,negative,-1,1.0,1,neutral,0,0,3,yelp
qwen-qwen2-5-3b-instruct,R0006,R0006_none,none,none,none,none,negative,-1,1.0,1,negative,-1,1,1,yelp
qwen-qwen2-5-3b-instruct,R0007,R0007_none,none,none,none,none,negative,-1,1.0,1,negative,-1,1,2,yelp
qwen-qwen2-5-3b-instruct,R0008,R0008_none,none,none,none,none,negative,-1,1.0,1,negative,-1,1,2,yelp
qwen-qwen2-5-3b-instruct,R0009,R0009_none,none,none,none,none,negative,-1,1.0,1,neutral,0,0,3,yelp
qwen-qwen2-5-3b-instruct,R0010,R0010_none,none,none,none,none,positive,1,1.0,1,positive,1,1,4,yelp
